ubicacionid,criticidadid,nodoid,nodo,tipoid,tipo,metricaid,minimo,maximo,umbral
68,4,50,rs485-ls-50,1,Sensor Maceta 10cm,3,500,1000,U.N.50-SM10CM-Elect.Cond.
68,4,50,rs485-ls-50,3,Sensor Maceta 30cm,3,500,1000,U.N.50-SM30CM-Elect.Cond.
89,4,53,rs485-ls-53,1,Sensor Maceta 10cm,3,500,1000,U.N.53-SM10CM-Elect.Cond.
89,4,53,rs485-ls-53,3,Sensor Maceta 30cm,3,500,1000,U.N.53-SM30CM-Elect.Cond.
88,4,51,rs485-ls-51,1,Sensor Maceta 10cm,3,500,1000,U.N.51-SM10CM-Elect.Cond.
88,4,51,rs485-ls-51,3,Sensor Maceta 30cm,3,500,1000,U.N.51-SM30CM-Elect.Cond.
71,4,55,rs485-ls-55,1,Sensor Maceta 10cm,3,500,1000,U.N.55-SM10CM-Elect.Cond.
71,4,55,rs485-ls-55,3,Sensor Maceta 30cm,3,500,1000,U.N.55-SM30CM-Elect.Cond.
70,4,54,rs485-ls-54,1,Sensor Maceta 10cm,3,500,1000,U.N.54-SM10CM-Elect.Cond.
70,4,54,rs485-ls-54,3,Sensor Maceta 30cm,3,500,1000,U.N.54-SM30CM-Elect.Cond.
69,4,52,rs485-ls-52,1,Sensor Maceta 10cm,3,500,1000,U.N.52-SM10CM-Elect.Cond.
69,4,52,rs485-ls-52,3,Sensor Maceta 30cm,3,500,1000,U.N.52-SM30CM-Elect.Cond.
81,4,98,rs485-ls-98,4,Sensor Suelo 20cm,3,500,2200,U.N.98-SM20CM-Elect.Cond.
81,4,98,rs485-ls-98,5,Sensor Suelo 40cm,3,500,2200,U.N.98-SM40CM-Elect.Cond.
81,4,98,rs485-ls-98,6,Sensor Suelo 60cm,3,500,2200,U.N.98-SM60CM-Elect.Cond.
82,4,99,rs485-ls-99,4,Sensor Suelo 20cm,3,500,2200,U.N.99-SM20CM-Elect.Cond.
82,4,99,rs485-ls-99,5,Sensor Suelo 40cm,3,500,2200,U.N.99-SM40CM-Elect.Cond.
82,4,99,rs485-ls-99,6,Sensor Suelo 60cm,3,500,2200,U.N.99-SM60CM-Elect.Cond.
83,4,100,rs485-ls-100,4,Sensor Suelo 20cm,3,500,2200,U.N.100-SM20CM-Elect.Cond.
83,4,100,rs485-ls-100,5,Sensor Suelo 40cm,3,500,2200,U.N.100-SM40CM-Elect.Cond.
83,4,100,rs485-ls-100,6,Sensor Suelo 60cm,3,500,2200,U.N.100-SM60CM-Elect.Cond.
84,4,101,rs485-ls-101,4,Sensor Suelo 20cm,3,500,2200,U.N.101-SM20CM-Elect.Cond.
84,4,101,rs485-ls-101,5,Sensor Suelo 40cm,3,500,2200,U.N.101-SM40CM-Elect.Cond.
84,4,101,rs485-ls-101,6,Sensor Suelo 60cm,3,500,2200,U.N.101-SM60CM-Elect.Cond.
87,4,104,rs485-ls-104,4,Sensor Suelo 20cm,3,500,2200,U.N.104-SM20CM-Elect.Cond.
87,4,104,rs485-ls-104,5,Sensor Suelo 40cm,3,500,2200,U.N.104-SM40CM-Elect.Cond.
87,4,104,rs485-ls-104,6,Sensor Suelo 60cm,3,500,2200,U.N.104-SM60CM-Elect.Cond.
86,4,103,rs485-ls-103,4,Sensor Suelo 20cm,3,500,2200,U.N.103-SM20CM-Elect.Cond.
86,4,103,rs485-ls-103,5,Sensor Suelo 40cm,3,500,2200,U.N.103-SM40CM-Elect.Cond.
86,4,103,rs485-ls-103,6,Sensor Suelo 60cm,3,500,2200,U.N.103-SM60CM-Elect.Cond.
85,4,102,rs485-ls-102,4,Sensor Suelo 20cm,3,500,2200,U.N.102-SM20CM-Elect.Cond.
85,4,102,rs485-ls-102,5,Sensor Suelo 40cm,3,500,2200,U.N.102-SM40CM-Elect.Cond.
85,4,102,rs485-ls-102,6,Sensor Suelo 60cm,3,500,2200,U.N.102-SM60CM-Elect.Cond.
91,4,106,rs485-ls-106,4,Sensor Suelo 20cm,3,500,2000,U.N.106-SM20CM-Elect.Cond.
91,4,106,rs485-ls-106,5,Sensor Suelo 40cm,3,500,2000,U.N.106-SM40CM-Elect.Cond.
91,4,106,rs485-ls-106,6,Sensor Suelo 60cm,3,500,2000,U.N.106-SM60CM-Elect.Cond.
96,4,111,rs485-ls-111,4,Sensor Suelo 20cm,3,500,2000,U.N.111-SM20CM-Elect.Cond.
96,4,111,rs485-ls-111,5,Sensor Suelo 40cm,3,500,2000,U.N.111-SM40CM-Elect.Cond.
96,4,111,rs485-ls-111,6,Sensor Suelo 60cm,3,500,2000,U.N.111-SM60CM-Elect.Cond.
92,4,107,rs485-ls-107,4,Sensor Suelo 20cm,3,500,2000,U.N.107-SM20CM-Elect.Cond.
92,4,107,rs485-ls-107,5,Sensor Suelo 40cm,3,500,2000,U.N.107-SM40CM-Elect.Cond.
92,4,107,rs485-ls-107,6,Sensor Suelo 60cm,3,500,2000,U.N.107-SM60CM-Elect.Cond.
94,4,109,rs485-ls-109,4,Sensor Suelo 20cm,3,500,2000,U.N.109-SM20CM-Elect.Cond.
94,4,109,rs485-ls-109,5,Sensor Suelo 40cm,3,500,2000,U.N.109-SM40CM-Elect.Cond.
94,4,109,rs485-ls-109,6,Sensor Suelo 60cm,3,500,2000,U.N.109-SM60CM-Elect.Cond.
98,4,113,rs485-ls-113,4,Sensor Suelo 20cm,3,500,2000,U.N.113-SM20CM-Elect.Cond.
98,4,113,rs485-ls-113,5,Sensor Suelo 40cm,3,500,2000,U.N.113-SM40CM-Elect.Cond.
98,4,113,rs485-ls-113,6,Sensor Suelo 60cm,3,500,2000,U.N.113-SM60CM-Elect.Cond.
99,4,114,rs485-ls-114,4,Sensor Suelo 20cm,3,500,2000,U.N.114-SM20CM-Elect.Cond.
99,4,114,rs485-ls-114,5,Sensor Suelo 40cm,3,500,2000,U.N.114-SM40CM-Elect.Cond.
99,4,114,rs485-ls-114,6,Sensor Suelo 60cm,3,500,2000,U.N.114-SM60CM-Elect.Cond.
90,4,105,rs485-ls-105,4,Sensor Suelo 20cm,3,500,2000,U.N.105-SM20CM-Elect.Cond.
90,4,105,rs485-ls-105,5,Sensor Suelo 40cm,3,500,2000,U.N.105-SM40CM-Elect.Cond.
90,4,105,rs485-ls-105,6,Sensor Suelo 60cm,3,500,2000,U.N.105-SM60CM-Elect.Cond.
93,4,108,rs485-ls-108,4,Sensor Suelo 20cm,3,500,2000,U.N.108-SM20CM-Elect.Cond.
93,4,108,rs485-ls-108,5,Sensor Suelo 40cm,3,500,2000,U.N.108-SM40CM-Elect.Cond.
93,4,108,rs485-ls-108,6,Sensor Suelo 60cm,3,500,2000,U.N.108-SM60CM-Elect.Cond.
97,4,112,rs485-ls-112,4,Sensor Suelo 20cm,3,500,2000,U.N.112-SM20CM-Elect.Cond.
97,4,112,rs485-ls-112,5,Sensor Suelo 40cm,3,500,2000,U.N.112-SM40CM-Elect.Cond.
97,4,112,rs485-ls-112,6,Sensor Suelo 60cm,3,500,2000,U.N.112-SM60CM-Elect.Cond.
95,4,110,rs485-ls-110,4,Sensor Suelo 20cm,3,500,2000,U.N.110-SM20CM-Elect.Cond.
95,4,110,rs485-ls-110,5,Sensor Suelo 40cm,3,500,2000,U.N.110-SM40CM-Elect.Cond.
95,4,110,rs485-ls-110,6,Sensor Suelo 60cm,3,500,2000,U.N.110-SM60CM-Elect.Cond.
101,4,116,rs485-ls-116,4,Sensor Suelo 20cm,3,500,2200,U.N.116-SM20CM-Elect.Cond.
101,4,116,rs485-ls-116,5,Sensor Suelo 40cm,3,500,2200,U.N.116-SM40CM-Elect.Cond.
101,4,116,rs485-ls-116,6,Sensor Suelo 60cm,3,500,2200,U.N.116-SM60CM-Elect.Cond.
156,4,153,rs485-ls-153,4,Sensor Suelo 20cm,3,500,2200,U.N.153-SM20CM-Elect.Cond.
156,4,153,rs485-ls-153,5,Sensor Suelo 40cm,3,500,2200,U.N.153-SM40CM-Elect.Cond.
156,4,153,rs485-ls-153,6,Sensor Suelo 60cm,3,500,2200,U.N.153-SM60CM-Elect.Cond.
158,4,155,rs485-ls-155,4,Sensor Suelo 20cm,3,500,2200,U.N.155-SM20CM-Elect.Cond.
158,4,155,rs485-ls-155,5,Sensor Suelo 40cm,3,500,2200,U.N.155-SM40CM-Elect.Cond.
158,4,155,rs485-ls-155,6,Sensor Suelo 60cm,3,500,2200,U.N.155-SM60CM-Elect.Cond.
155,4,152,rs485-ls-152,4,Sensor Suelo 20cm,3,500,2200,U.N.152-SM20CM-Elect.Cond.
155,4,152,rs485-ls-152,5,Sensor Suelo 40cm,3,500,2200,U.N.152-SM40CM-Elect.Cond.
155,4,152,rs485-ls-152,6,Sensor Suelo 60cm,3,500,2200,U.N.152-SM60CM-Elect.Cond.
154,4,150,rs485-ls-150,4,Sensor Suelo 20cm,3,500,2200,U.N.150-SM20CM-Elect.Cond.
154,4,150,rs485-ls-150,5,Sensor Suelo 40cm,3,500,2200,U.N.150-SM40CM-Elect.Cond.
154,4,150,rs485-ls-150,6,Sensor Suelo 60cm,3,500,2200,U.N.150-SM60CM-Elect.Cond.
140,4,167,rs485-ls-167,4,Sensor Suelo 20cm,3,500,2200,U.N.167-SM20CM-Elect.Cond.
140,4,167,rs485-ls-167,5,Sensor Suelo 40cm,3,500,2200,U.N.167-SM40CM-Elect.Cond.
140,4,167,rs485-ls-167,6,Sensor Suelo 60cm,3,500,2200,U.N.167-SM60CM-Elect.Cond.
102,4,117,rs485-ls-117,4,Sensor Suelo 20cm,3,500,2200,U.N.117-SM20CM-Elect.Cond.
102,4,117,rs485-ls-117,5,Sensor Suelo 40cm,3,500,2200,U.N.117-SM40CM-Elect.Cond.
102,4,117,rs485-ls-117,6,Sensor Suelo 60cm,3,500,2200,U.N.117-SM60CM-Elect.Cond.
106,4,121,rs485-ls-121,4,Sensor Suelo 20cm,3,500,2200,U.N.121-SM20CM-Elect.Cond.
106,4,121,rs485-ls-121,5,Sensor Suelo 40cm,3,500,2200,U.N.121-SM40CM-Elect.Cond.
106,4,121,rs485-ls-121,6,Sensor Suelo 60cm,3,500,2200,U.N.121-SM60CM-Elect.Cond.
100,4,115,rs485-ls-115,4,Sensor Suelo 20cm,3,500,2200,U.N.115-SM20CM-Elect.Cond.
100,4,115,rs485-ls-115,5,Sensor Suelo 40cm,3,500,2200,U.N.115-SM40CM-Elect.Cond.
100,4,115,rs485-ls-115,6,Sensor Suelo 60cm,3,500,2200,U.N.115-SM60CM-Elect.Cond.
103,4,118,rs485-ls-118,4,Sensor Suelo 20cm,3,500,2200,U.N.118-SM20CM-Elect.Cond.
103,4,118,rs485-ls-118,5,Sensor Suelo 40cm,3,500,2200,U.N.118-SM40CM-Elect.Cond.
103,4,118,rs485-ls-118,6,Sensor Suelo 60cm,3,500,2200,U.N.118-SM60CM-Elect.Cond.
104,4,119,rs485-ls-119,4,Sensor Suelo 20cm,3,500,2200,U.N.119-SM20CM-Elect.Cond.
104,4,119,rs485-ls-119,5,Sensor Suelo 40cm,3,500,2200,U.N.119-SM40CM-Elect.Cond.
104,4,119,rs485-ls-119,6,Sensor Suelo 60cm,3,500,2200,U.N.119-SM60CM-Elect.Cond.
134,4,151,rs485-ls-151,4,Sensor Suelo 20cm,3,500,2200,U.N.151-SM20CM-Elect.Cond.
134,4,151,rs485-ls-151,5,Sensor Suelo 40cm,3,500,2200,U.N.151-SM40CM-Elect.Cond.
134,4,151,rs485-ls-151,6,Sensor Suelo 60cm,3,500,2200,U.N.151-SM60CM-Elect.Cond.
132,4,148,rs485-ls-148,4,Sensor Suelo 20cm,3,500,2200,U.N.148-SM20CM-Elect.Cond.
132,4,148,rs485-ls-148,5,Sensor Suelo 40cm,3,500,2200,U.N.148-SM40CM-Elect.Cond.
132,4,148,rs485-ls-148,6,Sensor Suelo 60cm,3,500,2200,U.N.148-SM60CM-Elect.Cond.
125,4,140,rs485-ls-140,4,Sensor Suelo 20cm,3,500,2200,U.N.140-SM20CM-Elect.Cond.
125,4,140,rs485-ls-140,5,Sensor Suelo 40cm,3,500,2200,U.N.140-SM40CM-Elect.Cond.
125,4,140,rs485-ls-140,6,Sensor Suelo 60cm,3,500,2200,U.N.140-SM60CM-Elect.Cond.
133,4,149,rs485-ls-149,4,Sensor Suelo 20cm,3,500,2200,U.N.149-SM20CM-Elect.Cond.
133,4,149,rs485-ls-149,5,Sensor Suelo 40cm,3,500,2200,U.N.149-SM40CM-Elect.Cond.
133,4,149,rs485-ls-149,6,Sensor Suelo 60cm,3,500,2200,U.N.149-SM60CM-Elect.Cond.
130,4,145,rs485-ls-145,4,Sensor Suelo 20cm,3,500,2200,U.N.145-SM20CM-Elect.Cond.
130,4,145,rs485-ls-145,5,Sensor Suelo 40cm,3,500,2200,U.N.145-SM40CM-Elect.Cond.
130,4,145,rs485-ls-145,6,Sensor Suelo 60cm,3,500,2200,U.N.145-SM60CM-Elect.Cond.
129,4,144,rs485-ls-144,4,Sensor Suelo 20cm,3,500,2200,U.N.144-SM20CM-Elect.Cond.
129,4,144,rs485-ls-144,5,Sensor Suelo 40cm,3,500,2200,U.N.144-SM40CM-Elect.Cond.
129,4,144,rs485-ls-144,6,Sensor Suelo 60cm,3,500,2200,U.N.144-SM60CM-Elect.Cond.
128,4,143,rs485-ls-143,4,Sensor Suelo 20cm,3,500,2200,U.N.143-SM20CM-Elect.Cond.
128,4,143,rs485-ls-143,5,Sensor Suelo 40cm,3,500,2200,U.N.143-SM40CM-Elect.Cond.
128,4,143,rs485-ls-143,6,Sensor Suelo 60cm,3,500,2200,U.N.143-SM60CM-Elect.Cond.
166,4,90,rs485-ls-90,4,Sensor Suelo 20cm,3,500,2200,U.N.90-SM20CM-Elect.Cond.
166,4,90,rs485-ls-90,5,Sensor Suelo 40cm,3,500,2200,U.N.90-SM40CM-Elect.Cond.
166,4,90,rs485-ls-90,6,Sensor Suelo 60cm,3,500,2200,U.N.90-SM60CM-Elect.Cond.
159,4,156,rs485-ls-156,4,Sensor Suelo 20cm,3,500,2200,U.N.156-SM20CM-Elect.Cond.
159,4,156,rs485-ls-156,5,Sensor Suelo 40cm,3,500,2200,U.N.156-SM40CM-Elect.Cond.
159,4,156,rs485-ls-156,6,Sensor Suelo 60cm,3,500,2200,U.N.156-SM60CM-Elect.Cond.
127,4,142,rs485-ls-142,4,Sensor Suelo 20cm,3,500,2200,U.N.142-SM20CM-Elect.Cond.
127,4,142,rs485-ls-142,5,Sensor Suelo 40cm,3,500,2200,U.N.142-SM40CM-Elect.Cond.
127,4,142,rs485-ls-142,6,Sensor Suelo 60cm,3,500,2200,U.N.142-SM60CM-Elect.Cond.
131,4,146,rs485-ls-146,4,Sensor Suelo 20cm,3,500,2200,U.N.146-SM20CM-Elect.Cond.
131,4,146,rs485-ls-146,5,Sensor Suelo 40cm,3,500,2200,U.N.146-SM40CM-Elect.Cond.
131,4,146,rs485-ls-146,6,Sensor Suelo 60cm,3,500,2200,U.N.146-SM60CM-Elect.Cond.
107,4,122,rs485-ls-122,4,Sensor Suelo 20cm,3,500,2200,U.N.122-SM20CM-Elect.Cond.
107,4,122,rs485-ls-122,5,Sensor Suelo 40cm,3,500,2200,U.N.122-SM40CM-Elect.Cond.
107,4,122,rs485-ls-122,6,Sensor Suelo 60cm,3,500,2200,U.N.122-SM60CM-Elect.Cond.
108,4,123,rs485-ls-123,4,Sensor Suelo 20cm,3,500,2200,U.N.123-SM20CM-Elect.Cond.
108,4,123,rs485-ls-123,5,Sensor Suelo 40cm,3,500,2200,U.N.123-SM40CM-Elect.Cond.
108,4,123,rs485-ls-123,6,Sensor Suelo 60cm,3,500,2200,U.N.123-SM60CM-Elect.Cond.
153,4,147,rs485-ls-147,4,Sensor Suelo 20cm,3,500,2200,U.N.147-SM20CM-Elect.Cond.
153,4,147,rs485-ls-147,5,Sensor Suelo 40cm,3,500,2200,U.N.147-SM40CM-Elect.Cond.
153,4,147,rs485-ls-147,6,Sensor Suelo 60cm,3,500,2200,U.N.147-SM60CM-Elect.Cond.
165,4,89,rs485-ls-89,4,Sensor Suelo 20cm,3,500,2200,U.N.89-SM20CM-Elect.Cond.
165,4,89,rs485-ls-89,5,Sensor Suelo 40cm,3,500,2200,U.N.89-SM40CM-Elect.Cond.
165,4,89,rs485-ls-89,6,Sensor Suelo 60cm,3,500,2200,U.N.89-SM60CM-Elect.Cond.
167,4,157,rs485-ls-157,4,Sensor Suelo 20cm,3,500,2000,U.N.157-SM20CM-Elect.Cond.
167,4,157,rs485-ls-157,5,Sensor Suelo 40cm,3,500,2000,U.N.157-SM40CM-Elect.Cond.
167,4,157,rs485-ls-157,6,Sensor Suelo 60cm,3,500,2000,U.N.157-SM60CM-Elect.Cond.
157,4,154,rs485-ls-154,4,Sensor Suelo 20cm,3,500,2000,U.N.154-SM20CM-Elect.Cond.
157,4,154,rs485-ls-154,5,Sensor Suelo 40cm,3,500,2000,U.N.154-SM40CM-Elect.Cond.
157,4,154,rs485-ls-154,6,Sensor Suelo 60cm,3,500,2000,U.N.154-SM60CM-Elect.Cond.
124,4,137,rs485-ls-137,4,Sensor Suelo 20cm,3,500,2200,U.N.137-SM20CM-Elect.Cond.
124,4,137,rs485-ls-137,5,Sensor Suelo 40cm,3,500,2200,U.N.137-SM40CM-Elect.Cond.
124,4,137,rs485-ls-137,6,Sensor Suelo 60cm,3,500,2200,U.N.137-SM60CM-Elect.Cond.
126,4,141,rs485-ls-141,4,Sensor Suelo 20cm,3,500,2200,U.N.141-SM20CM-Elect.Cond.
126,4,141,rs485-ls-141,5,Sensor Suelo 40cm,3,500,2200,U.N.141-SM40CM-Elect.Cond.
126,4,141,rs485-ls-141,6,Sensor Suelo 60cm,3,500,2200,U.N.141-SM60CM-Elect.Cond.
135,4,160,rs485-ls-160,4,Sensor Suelo 20cm,3,500,2200,U.N.160-SM20CM-Elect.Cond.
135,4,160,rs485-ls-160,5,Sensor Suelo 40cm,3,500,2200,U.N.160-SM40CM-Elect.Cond.
135,4,160,rs485-ls-160,6,Sensor Suelo 60cm,3,500,2200,U.N.160-SM60CM-Elect.Cond.
136,4,161,rs485-ls-161,4,Sensor Suelo 20cm,3,500,2200,U.N.161-SM20CM-Elect.Cond.
136,4,161,rs485-ls-161,5,Sensor Suelo 40cm,3,500,2200,U.N.161-SM40CM-Elect.Cond.
136,4,161,rs485-ls-161,6,Sensor Suelo 60cm,3,500,2200,U.N.161-SM60CM-Elect.Cond.
138,4,163,rs485-ls-163,4,Sensor Suelo 20cm,3,500,2200,U.N.163-SM20CM-Elect.Cond.
138,4,163,rs485-ls-163,5,Sensor Suelo 40cm,3,500,2200,U.N.163-SM40CM-Elect.Cond.
138,4,163,rs485-ls-163,6,Sensor Suelo 60cm,3,500,2200,U.N.163-SM60CM-Elect.Cond.
139,4,164,rs485-ls-164,4,Sensor Suelo 20cm,3,500,2200,U.N.164-SM20CM-Elect.Cond.
139,4,164,rs485-ls-164,5,Sensor Suelo 40cm,3,500,2200,U.N.164-SM40CM-Elect.Cond.
139,4,164,rs485-ls-164,6,Sensor Suelo 60cm,3,500,2200,U.N.164-SM60CM-Elect.Cond.
137,4,162,rs485-ls-162,4,Sensor Suelo 20cm,3,500,2000,U.N.162-SM20CM-Elect.Cond.
137,4,162,rs485-ls-162,5,Sensor Suelo 40cm,3,500,2000,U.N.162-SM40CM-Elect.Cond.
137,4,162,rs485-ls-162,6,Sensor Suelo 60cm,3,500,2000,U.N.162-SM60CM-Elect.Cond.
118,4,133,rs485-ls-133,4,Sensor Suelo 20cm,3,500,2200,U.N.133-SM20CM-Elect.Cond.
118,4,133,rs485-ls-133,5,Sensor Suelo 40cm,3,500,2200,U.N.133-SM40CM-Elect.Cond.
118,4,133,rs485-ls-133,6,Sensor Suelo 60cm,3,500,2200,U.N.133-SM60CM-Elect.Cond.
120,4,135,rs485-ls-135,4,Sensor Suelo 20cm,3,500,2200,U.N.135-SM20CM-Elect.Cond.
120,4,135,rs485-ls-135,5,Sensor Suelo 40cm,3,500,2200,U.N.135-SM40CM-Elect.Cond.
120,4,135,rs485-ls-135,6,Sensor Suelo 60cm,3,500,2200,U.N.135-SM60CM-Elect.Cond.
117,4,132,rs485-ls-132,4,Sensor Suelo 20cm,3,500,2200,U.N.132-SM20CM-Elect.Cond.
117,4,132,rs485-ls-132,5,Sensor Suelo 40cm,3,500,2200,U.N.132-SM40CM-Elect.Cond.
117,4,132,rs485-ls-132,6,Sensor Suelo 60cm,3,500,2200,U.N.132-SM60CM-Elect.Cond.
123,4,139,rs485-ls-139,4,Sensor Suelo 20cm,3,500,2200,U.N.139-SM20CM-Elect.Cond.
123,4,139,rs485-ls-139,5,Sensor Suelo 40cm,3,500,2200,U.N.139-SM40CM-Elect.Cond.
123,4,139,rs485-ls-139,6,Sensor Suelo 60cm,3,500,2200,U.N.139-SM60CM-Elect.Cond.
122,4,138,rs485-ls-138,4,Sensor Suelo 20cm,3,500,2200,U.N.138-SM20CM-Elect.Cond.
122,4,138,rs485-ls-138,5,Sensor Suelo 40cm,3,500,2200,U.N.138-SM40CM-Elect.Cond.
122,4,138,rs485-ls-138,6,Sensor Suelo 60cm,3,500,2200,U.N.138-SM60CM-Elect.Cond.
121,4,136,rs485-ls-136,4,Sensor Suelo 20cm,3,500,2200,U.N.136-SM20CM-Elect.Cond.
121,4,136,rs485-ls-136,5,Sensor Suelo 40cm,3,500,2200,U.N.136-SM40CM-Elect.Cond.
121,4,136,rs485-ls-136,6,Sensor Suelo 60cm,3,500,2200,U.N.136-SM60CM-Elect.Cond.
113,4,128,rs485-ls-128,4,Sensor Suelo 20cm,3,500,2200,U.N.128-SM20CM-Elect.Cond.
113,4,128,rs485-ls-128,5,Sensor Suelo 40cm,3,500,2200,U.N.128-SM40CM-Elect.Cond.
113,4,128,rs485-ls-128,6,Sensor Suelo 60cm,3,500,2200,U.N.128-SM60CM-Elect.Cond.
112,4,127,rs485-ls-127,4,Sensor Suelo 20cm,3,500,2200,U.N.127-SM20CM-Elect.Cond.
112,4,127,rs485-ls-127,5,Sensor Suelo 40cm,3,500,2200,U.N.127-SM40CM-Elect.Cond.
112,4,127,rs485-ls-127,6,Sensor Suelo 60cm,3,500,2200,U.N.127-SM60CM-Elect.Cond.
114,4,129,rs485-ls-129,4,Sensor Suelo 20cm,3,500,2200,U.N.129-SM20CM-Elect.Cond.
114,4,129,rs485-ls-129,5,Sensor Suelo 40cm,3,500,2200,U.N.129-SM40CM-Elect.Cond.
114,4,129,rs485-ls-129,6,Sensor Suelo 60cm,3,500,2200,U.N.129-SM60CM-Elect.Cond.
111,4,126,rs485-ls-126,4,Sensor Suelo 20cm,3,500,2200,U.N.126-SM20CM-Elect.Cond.
111,4,126,rs485-ls-126,5,Sensor Suelo 40cm,3,500,2200,U.N.126-SM40CM-Elect.Cond.
111,4,126,rs485-ls-126,6,Sensor Suelo 60cm,3,500,2200,U.N.126-SM60CM-Elect.Cond.
105,4,120,rs485-ls-120,4,Sensor Suelo 20cm,3,500,2200,U.N.120-SM20CM-Elect.Cond.
105,4,120,rs485-ls-120,5,Sensor Suelo 40cm,3,500,2200,U.N.120-SM40CM-Elect.Cond.
105,4,120,rs485-ls-120,6,Sensor Suelo 60cm,3,500,2200,U.N.120-SM60CM-Elect.Cond.
109,4,124,rs485-ls-124,4,Sensor Suelo 20cm,3,500,2200,U.N.124-SM20CM-Elect.Cond.
109,4,124,rs485-ls-124,5,Sensor Suelo 40cm,3,500,2200,U.N.124-SM40CM-Elect.Cond.
109,4,124,rs485-ls-124,6,Sensor Suelo 60cm,3,500,2200,U.N.124-SM60CM-Elect.Cond.
110,4,125,rs485-ls-125,4,Sensor Suelo 20cm,3,500,2200,U.N.125-SM20CM-Elect.Cond.
110,4,125,rs485-ls-125,5,Sensor Suelo 40cm,3,500,2200,U.N.125-SM40CM-Elect.Cond.
110,4,125,rs485-ls-125,6,Sensor Suelo 60cm,3,500,2200,U.N.125-SM60CM-Elect.Cond.
115,4,130,rs485-ls-130,4,Sensor Suelo 20cm,3,500,2200,U.N.130-SM20CM-Elect.Cond.
115,4,130,rs485-ls-130,5,Sensor Suelo 40cm,3,500,2200,U.N.130-SM40CM-Elect.Cond.
115,4,130,rs485-ls-130,6,Sensor Suelo 60cm,3,500,2200,U.N.130-SM60CM-Elect.Cond.
116,4,131,rs485-ls-131,4,Sensor Suelo 20cm,3,500,2200,U.N.131-SM20CM-Elect.Cond.
116,4,131,rs485-ls-131,5,Sensor Suelo 40cm,3,500,2200,U.N.131-SM40CM-Elect.Cond.
116,4,131,rs485-ls-131,6,Sensor Suelo 60cm,3,500,2200,U.N.131-SM60CM-Elect.Cond.
119,4,134,rs485-ls-134,4,Sensor Suelo 20cm,3,500,2200,U.N.134-SM20CM-Elect.Cond.
119,4,134,rs485-ls-134,5,Sensor Suelo 40cm,3,500,2200,U.N.134-SM40CM-Elect.Cond.
119,4,134,rs485-ls-134,6,Sensor Suelo 60cm,3,500,2200,U.N.134-SM60CM-Elect.Cond.
172,4,168,rs485-ls-168,4,Sensor Suelo 20cm,3,500,2200,U.N.168-SM20CM-Elect.Cond.
172,4,168,rs485-ls-168,5,Sensor Suelo 40cm,3,500,2200,U.N.168-SM40CM-Elect.Cond.
172,4,168,rs485-ls-168,6,Sensor Suelo 60cm,3,500,2200,U.N.168-SM60CM-Elect.Cond.
168,4,158,rs485-ls-158,4,Sensor Suelo 20cm,3,500,2200,U.N.158-SM20CM-Elect.Cond.
168,4,158,rs485-ls-158,5,Sensor Suelo 40cm,3,500,2200,U.N.158-SM40CM-Elect.Cond.
168,4,158,rs485-ls-158,6,Sensor Suelo 60cm,3,500,2200,U.N.158-SM60CM-Elect.Cond.
175,4,171,rs485-ls-171,4,Sensor Suelo 20cm,3,500,2200,U.N.171-SM20CM-Elect.Cond.
175,4,171,rs485-ls-171,5,Sensor Suelo 40cm,3,500,2200,U.N.171-SM40CM-Elect.Cond.
175,4,171,rs485-ls-171,6,Sensor Suelo 60cm,3,500,2200,U.N.171-SM60CM-Elect.Cond.
169,4,159,rs485-ls-159,4,Sensor Suelo 20cm,3,500,2200,U.N.159-SM20CM-Elect.Cond.
169,4,159,rs485-ls-159,5,Sensor Suelo 40cm,3,500,2200,U.N.159-SM40CM-Elect.Cond.
169,4,159,rs485-ls-159,6,Sensor Suelo 60cm,3,500,2200,U.N.159-SM60CM-Elect.Cond.
176,4,172,rs485-ls-172,4,Sensor Suelo 20cm,3,500,2200,U.N.172-SM20CM-Elect.Cond.
176,4,172,rs485-ls-172,5,Sensor Suelo 40cm,3,500,2200,U.N.172-SM40CM-Elect.Cond.
176,4,172,rs485-ls-172,6,Sensor Suelo 60cm,3,500,2200,U.N.172-SM60CM-Elect.Cond.
174,4,170,rs485-ls-170,4,Sensor Suelo 20cm,3,500,2200,U.N.170-SM20CM-Elect.Cond.
174,4,170,rs485-ls-170,5,Sensor Suelo 40cm,3,500,2200,U.N.170-SM40CM-Elect.Cond.
174,4,170,rs485-ls-170,6,Sensor Suelo 60cm,3,500,2200,U.N.170-SM60CM-Elect.Cond.
177,4,173,rs485-ls-173,4,Sensor Suelo 20cm,3,500,2200,U.N.173-SM20CM-Elect.Cond.
177,4,173,rs485-ls-173,5,Sensor Suelo 40cm,3,500,2200,U.N.173-SM40CM-Elect.Cond.
177,4,173,rs485-ls-173,6,Sensor Suelo 60cm,3,500,2200,U.N.173-SM60CM-Elect.Cond.
171,4,166,rs485-ls-166,4,Sensor Suelo 20cm,3,500,2200,U.N.166-SM20CM-Elect.Cond.
171,4,166,rs485-ls-166,5,Sensor Suelo 40cm,3,500,2200,U.N.166-SM40CM-Elect.Cond.
171,4,166,rs485-ls-166,6,Sensor Suelo 60cm,3,500,2200,U.N.166-SM60CM-Elect.Cond.
178,4,174,rs485-ls-174,4,Sensor Suelo 20cm,3,500,2200,U.N.174-SM20CM-Elect.Cond.
178,4,174,rs485-ls-174,5,Sensor Suelo 40cm,3,500,2200,U.N.174-SM40CM-Elect.Cond.
178,4,174,rs485-ls-174,6,Sensor Suelo 60cm,3,500,2200,U.N.174-SM60CM-Elect.Cond.
173,4,169,rs485-ls-169,4,Sensor Suelo 20cm,3,500,2200,U.N.169-SM20CM-Elect.Cond.
173,4,169,rs485-ls-169,5,Sensor Suelo 40cm,3,500,2200,U.N.169-SM40CM-Elect.Cond.
173,4,169,rs485-ls-169,6,Sensor Suelo 60cm,3,500,2200,U.N.169-SM60CM-Elect.Cond.
170,4,165,rs485-ls-165,4,Sensor Suelo 20cm,3,500,2200,U.N.165-SM20CM-Elect.Cond.
170,4,165,rs485-ls-165,5,Sensor Suelo 40cm,3,500,2200,U.N.165-SM40CM-Elect.Cond.
170,4,165,rs485-ls-165,6,Sensor Suelo 60cm,3,500,2200,U.N.165-SM60CM-Elect.Cond.
31,4,38,rs485-ls-38,1,Sensor Maceta 10cm,3,500,1000,U.N.38-SM10CM-Elect.Cond.
31,4,38,rs485-ls-38,3,Sensor Maceta 30cm,3,500,1000,U.N.38-SM30CM-Elect.Cond.
4,4,7,rs485-ls-7,1,Sensor Maceta 10cm,3,500,1000,U.N.7-SM10CM-Elect.Cond.
4,4,7,rs485-ls-7,3,Sensor Maceta 30cm,3,500,1000,U.N.7-SM30CM-Elect.Cond.
3,4,6,rs485-ls-5,1,Sensor Maceta 10cm,3,500,1000,U.N.5-SM10CM-Elect.Cond.
3,4,6,rs485-ls-5,3,Sensor Maceta 30cm,3,500,1000,U.N.5-SM30CM-Elect.Cond.
2,4,2,rs485-ls-2,1,Sensor Maceta 10cm,3,500,1000,U.N.2-SM10CM-Elect.Cond.
2,4,2,rs485-ls-2,2,Sensor Maceta 20cm,3,500,1000,U.N.2-SM20CM-Elect.Cond.
2,4,2,rs485-ls-2,3,Sensor Maceta 30cm,3,500,1000,U.N.2-SM30CM-Elect.Cond.
1,4,1,rs485-ls-1,1,Sensor Maceta 10cm,3,500,1000,U.N.1-SM10CM-Elect.Cond.
1,4,1,rs485-ls-1,2,Sensor Maceta 20cm,3,500,1000,U.N.1-SM20CM-Elect.Cond.
1,4,1,rs485-ls-1,3,Sensor Maceta 30cm,3,500,1000,U.N.1-SM30CM-Elect.Cond.
187,4,256,Nodo Prueba 1,1,Sensor Maceta 10cm,3,500,1000,U.N.1-SM10CM-Elect.Cond.
187,4,256,Nodo Prueba 1,2,Sensor Maceta 20cm,3,500,1000,U.N.1-SM20CM-Elect.Cond.
187,4,256,Nodo Prueba 1,3,Sensor Maceta 30cm,3,500,1000,U.N.1-SM30CM-Elect.Cond.
76,4,84,rs485-ls-84,1,Sensor Maceta 10cm,3,500,1000,U.N.84-SM10CM-Elect.Cond.
76,4,84,rs485-ls-84,3,Sensor Maceta 30cm,3,500,1000,U.N.84-SM30CM-Elect.Cond.
51,4,16,rs485-ls-16,1,Sensor Maceta 10cm,3,500,1000,U.N.16-SM10CM-Elect.Cond.
51,4,16,rs485-ls-16,3,Sensor Maceta 30cm,3,500,1000,U.N.16-SM30CM-Elect.Cond.
75,4,83,rs485-ls-83,1,Sensor Maceta 10cm,3,500,1000,U.N.83-SM10CM-Elect.Cond.
75,4,83,rs485-ls-83,3,Sensor Maceta 30cm,3,500,1000,U.N.83-SM30CM-Elect.Cond.
52,4,18,rs485-ls-18,1,Sensor Maceta 10cm,3,500,1000,U.N.18-SM10CM-Elect.Cond.
52,4,18,rs485-ls-18,3,Sensor Maceta 30cm,3,500,1000,U.N.18-SM30CM-Elect.Cond.
80,4,88,rs485-ls-88,1,Sensor Maceta 10cm,3,500,1000,U.N.88-SM10CM-Elect.Cond.
80,4,88,rs485-ls-88,3,Sensor Maceta 30cm,3,500,1000,U.N.88-SM30CM-Elect.Cond.
30,4,37,rs485-ls-37,1,Sensor Maceta 10cm,3,500,1000,U.N.37-SM10CM-Elect.Cond.
30,4,37,rs485-ls-37,3,Sensor Maceta 30cm,3,500,1000,U.N.37-SM30CM-Elect.Cond.
45,4,11,rs485-ls-11,1,Sensor Maceta 10cm,3,500,1000,U.N.11-SM10CM-Elect.Cond.
45,4,11,rs485-ls-11,3,Sensor Maceta 30cm,3,500,1000,U.N.11-SM30CM-Elect.Cond.
47,4,13,rs485-ls-13,1,Sensor Maceta 10cm,3,500,1000,U.N.13-SM10CM-Elect.Cond.
47,4,13,rs485-ls-13,3,Sensor Maceta 30cm,3,500,1000,U.N.13-SM30CM-Elect.Cond.
46,4,12,rs485-ls-12,1,Sensor Maceta 10cm,3,500,1000,U.N.12-SM10CM-Elect.Cond.
46,4,12,rs485-ls-12,3,Sensor Maceta 30cm,3,500,1000,U.N.12-SM30CM-Elect.Cond.
32,4,39,rs485-ls-39,1,Sensor Maceta 10cm,3,500,1000,U.N.39-SM10CM-Elect.Cond.
32,4,39,rs485-ls-39,3,Sensor Maceta 30cm,3,500,1000,U.N.39-SM30CM-Elect.Cond.
53,4,20,rs485-ls-20,1,Sensor Maceta 10cm,3,500,1000,U.N.20-SM10CM-Elect.Cond.
53,4,20,rs485-ls-20,3,Sensor Maceta 30cm,3,500,1000,U.N.20-SM30CM-Elect.Cond.
54,4,21,rs485-ls-21,1,Sensor Maceta 10cm,3,500,1000,U.N.21-SM10CM-Elect.Cond.
54,4,21,rs485-ls-21,3,Sensor Maceta 30cm,3,500,1000,U.N.21-SM30CM-Elect.Cond.
33,4,60,rs485-ls-60,1,Sensor Maceta 10cm,3,500,1000,U.N.60-SM10CM-Elect.Cond.
33,4,60,rs485-ls-60,3,Sensor Maceta 30cm,3,500,1000,U.N.60-SM30CM-Elect.Cond.
79,4,87,rs485-ls-87,1,Sensor Maceta 10cm,3,500,1000,U.N.87-SM10CM-Elect.Cond.
79,4,87,rs485-ls-87,3,Sensor Maceta 30cm,3,500,1000,U.N.87-SM30CM-Elect.Cond.
59,4,41,rs485-ls-41,1,Sensor Maceta 10cm,3,500,1000,U.N.41-SM10CM-Elect.Cond.
59,4,41,rs485-ls-41,3,Sensor Maceta 30cm,3,500,1000,U.N.41-SM30CM-Elect.Cond.
60,4,42,rs485-ls-42,1,Sensor Maceta 10cm,3,500,1000,U.N.42-SM10CM-Elect.Cond.
60,4,42,rs485-ls-42,3,Sensor Maceta 30cm,3,500,1000,U.N.42-SM30CM-Elect.Cond.
61,4,43,rs485-ls-43,1,Sensor Maceta 10cm,3,500,1000,U.N.43-SM10CM-Elect.Cond.
61,4,43,rs485-ls-43,3,Sensor Maceta 30cm,3,500,1000,U.N.43-SM30CM-Elect.Cond.
63,4,45,rs485-ls-45,1,Sensor Maceta 10cm,3,500,1000,U.N.45-SM10CM-Elect.Cond.
63,4,45,rs485-ls-45,3,Sensor Maceta 30cm,3,500,1000,U.N.45-SM30CM-Elect.Cond.
62,4,44,rs485-ls-44,1,Sensor Maceta 10cm,3,500,1000,U.N.44-SM10CM-Elect.Cond.
62,4,44,rs485-ls-44,3,Sensor Maceta 30cm,3,500,1000,U.N.44-SM30CM-Elect.Cond.
23,4,30,rs485-ls-30,1,Sensor Maceta 10cm,3,500,1000,U.N.30-SM10CM-Elect.Cond.
23,4,30,rs485-ls-30,3,Sensor Maceta 30cm,3,500,1000,U.N.30-SM30CM-Elect.Cond.
27,4,34,rs485-ls-34,1,Sensor Maceta 10cm,3,500,1000,U.N.34-SM10CM-Elect.Cond.
27,4,34,rs485-ls-34,3,Sensor Maceta 30cm,3,500,1000,U.N.34-SM30CM-Elect.Cond.
65,4,47,rs485-ls-47,1,Sensor Maceta 10cm,3,500,1000,U.N.47-SM10CM-Elect.Cond.
65,4,47,rs485-ls-47,3,Sensor Maceta 30cm,3,500,1000,U.N.47-SM30CM-Elect.Cond.
67,4,49,rs485-ls-49,1,Sensor Maceta 10cm,3,500,1000,U.N.49-SM10CM-Elect.Cond.
67,4,49,rs485-ls-49,3,Sensor Maceta 30cm,3,500,1000,U.N.49-SM30CM-Elect.Cond.
38,4,74,rs485-ls-74,1,Sensor Maceta 10cm,3,500,1000,U.N.74-SM10CM-Elect.Cond.
38,4,74,rs485-ls-74,3,Sensor Maceta 30cm,3,500,1000,U.N.74-SM30CM-Elect.Cond.
64,4,46,rs485-ls-46,1,Sensor Maceta 10cm,3,500,1000,U.N.46-SM10CM-Elect.Cond.
64,4,46,rs485-ls-46,3,Sensor Maceta 30cm,3,500,1000,U.N.46-SM30CM-Elect.Cond.
49,4,14,rs485-ls-14,1,Sensor Maceta 10cm,3,500,1000,U.N.14-SM10CM-Elect.Cond.
49,4,14,rs485-ls-14,3,Sensor Maceta 30cm,3,500,1000,U.N.14-SM30CM-Elect.Cond.
36,4,63,rs485-ls-63,1,Sensor Maceta 10cm,3,500,1000,U.N.63-SM10CM-Elect.Cond.
36,4,63,rs485-ls-63,3,Sensor Maceta 30cm,3,500,1000,U.N.63-SM30CM-Elect.Cond.
48,4,19,rs485-ls-19,1,Sensor Maceta 10cm,3,500,1000,U.N.19-SM10CM-Elect.Cond.
48,4,19,rs485-ls-19,3,Sensor Maceta 30cm,3,500,1000,U.N.19-SM30CM-Elect.Cond.
43,4,9,rs485-ls-9,1,Sensor Maceta 10cm,3,500,1000,U.N.9-SM10CM-Elect.Cond.
43,4,9,rs485-ls-9,3,Sensor Maceta 30cm,3,500,1000,U.N.9-SM30CM-Elect.Cond.
44,4,10,rs485-ls-10,1,Sensor Maceta 10cm,3,500,1000,U.N.10-SM10CM-Elect.Cond.
44,4,10,rs485-ls-10,3,Sensor Maceta 30cm,3,500,1000,U.N.10-SM30CM-Elect.Cond.
41,4,3,rs485-ls-3,1,Sensor Maceta 10cm,3,500,1000,U.N.3-SM10CM-Elect.Cond.
41,4,3,rs485-ls-3,3,Sensor Maceta 30cm,3,500,1000,U.N.3-SM30CM-Elect.Cond.
29,4,36,rs485-ls-36,1,Sensor Maceta 10cm,3,500,1000,U.N.36-SM10CM-Elect.Cond.
29,4,36,rs485-ls-36,3,Sensor Maceta 30cm,3,500,1000,U.N.36-SM30CM-Elect.Cond.
39,4,4,rs485-ls-4,1,Sensor Maceta 10cm,3,500,1000,U.N.4-SM10CM-Elect.Cond.
39,4,4,rs485-ls-4,3,Sensor Maceta 30cm,3,500,1000,U.N.4-SM30CM-Elect.Cond.
40,4,5,rs485-ls-6,1,Sensor Maceta 10cm,3,500,1000,U.N.6-SM10CM-Elect.Cond.
40,4,5,rs485-ls-6,2,Sensor Maceta 20cm,3,500,1000,U.N.6-SM20CM-Elect.Cond.
40,4,5,rs485-ls-6,3,Sensor Maceta 30cm,3,500,1000,U.N.6-SM30CM-Elect.Cond.
42,4,8,rs485-ls-8,1,Sensor Maceta 10cm,3,500,1000,U.N.8-SM10CM-Elect.Cond.
42,4,8,rs485-ls-8,3,Sensor Maceta 30cm,3,500,1000,U.N.8-SM30CM-Elect.Cond.
26,4,33,rs485-ls-33,1,Sensor Maceta 10cm,3,500,1000,U.N.33-SM10CM-Elect.Cond.
26,4,33,rs485-ls-33,3,Sensor Maceta 30cm,3,500,1000,U.N.33-SM30CM-Elect.Cond.
66,4,48,rs485-ls-48,1,Sensor Maceta 10cm,3,500,1000,U.N.48-SM10CM-Elect.Cond.
66,4,48,rs485-ls-48,3,Sensor Maceta 30cm,3,500,1000,U.N.48-SM30CM-Elect.Cond.
34,4,61,rs485-ls-61,1,Sensor Maceta 10cm,3,500,1000,U.N.61-SM10CM-Elect.Cond.
34,4,61,rs485-ls-61,3,Sensor Maceta 30cm,3,500,1000,U.N.61-SM30CM-Elect.Cond.
37,4,64,rs485-ls-64,1,Sensor Maceta 10cm,3,500,1000,U.N.64-SM10CM-Elect.Cond.
37,4,64,rs485-ls-64,3,Sensor Maceta 30cm,3,500,1000,U.N.64-SM30CM-Elect.Cond.
72,4,80,rs485-ls-80,1,Sensor Maceta 10cm,3,500,1000,U.N.80-SM10CM-Elect.Cond.
72,4,80,rs485-ls-80,3,Sensor Maceta 30cm,3,500,1000,U.N.80-SM30CM-Elect.Cond.
163,4,192,rs485-ls-192,1,Sensor Maceta 10cm,3,500,1000,U.N.192-SM10CM-Elect.Cond.
163,4,192,rs485-ls-192,3,Sensor Maceta 30cm,3,500,1000,U.N.192-SM30CM-Elect.Cond.
146,4,26,rs485-ls-26,1,Sensor Maceta 10cm,3,500,1000,U.N.26-SM10CM-Elect.Cond.
146,4,26,rs485-ls-26,3,Sensor Maceta 30cm,3,500,1000,U.N.26-SM30CM-Elect.Cond.
148,4,75,rs485-ls-75,1,Sensor Maceta 10cm,3,500,1000,U.N.75-SM10CM-Elect.Cond.
148,4,75,rs485-ls-75,3,Sensor Maceta 30cm,3,500,1000,U.N.75-SM30CM-Elect.Cond.
161,4,190,rs485-ls-190,1,Sensor Maceta 10cm,3,500,1000,U.N.190-SM10CM-Elect.Cond.
161,4,190,rs485-ls-190,3,Sensor Maceta 30cm,3,500,1000,U.N.190-SM30CM-Elect.Cond.
149,4,76,rs485-ls-76,1,Sensor Maceta 10cm,3,500,1000,U.N.76-SM10CM-Elect.Cond.
149,4,76,rs485-ls-76,3,Sensor Maceta 30cm,3,500,1000,U.N.76-SM30CM-Elect.Cond.
144,4,59,rs485-ls-59,1,Sensor Maceta 10cm,3,500,1000,U.N.59-SM10CM-Elect.Cond.
144,4,59,rs485-ls-59,3,Sensor Maceta 30cm,3,500,1000,U.N.59-SM30CM-Elect.Cond.
145,4,25,rs485-ls-25,1,Sensor Maceta 10cm,3,500,1000,U.N.25-SM10CM-Elect.Cond.
145,4,25,rs485-ls-25,3,Sensor Maceta 30cm,3,500,1000,U.N.25-SM30CM-Elect.Cond.
141,4,56,rs485-ls-56,1,Sensor Maceta 10cm,3,500,1000,U.N.56-SM10CM-Elect.Cond.
141,4,56,rs485-ls-56,3,Sensor Maceta 30cm,3,500,1000,U.N.56-SM30CM-Elect.Cond.
147,4,28,rs485-ls-28,1,Sensor Maceta 10cm,3,500,1000,U.N.28-SM10CM-Elect.Cond.
147,4,28,rs485-ls-28,3,Sensor Maceta 30cm,3,500,1000,U.N.28-SM30CM-Elect.Cond.
152,4,79,rs485-ls-79,1,Sensor Maceta 10cm,3,500,1000,U.N.79-SM10CM-Elect.Cond.
152,4,79,rs485-ls-79,3,Sensor Maceta 30cm,3,500,1000,U.N.79-SM30CM-Elect.Cond.
164,4,193,rs485-ls-193,1,Sensor Maceta 10cm,3,500,1000,U.N.193-SM10CM-Elect.Cond.
164,4,193,rs485-ls-193,3,Sensor Maceta 30cm,3,500,1000,U.N.193-SM30CM-Elect.Cond.
142,4,57,rs485-ls-57,1,Sensor Maceta 10cm,3,500,1000,U.N.57-SM10CM-Elect.Cond.
142,4,57,rs485-ls-57,3,Sensor Maceta 30cm,3,500,1000,U.N.57-SM30CM-Elect.Cond.
151,4,78,rs485-ls-78,1,Sensor Maceta 10cm,3,500,1000,U.N.78-SM10CM-Elect.Cond.
151,4,78,rs485-ls-78,3,Sensor Maceta 30cm,3,500,1000,U.N.78-SM30CM-Elect.Cond.
150,4,77,rs485-ls-77,1,Sensor Maceta 10cm,3,500,1000,U.N.77-SM10CM-Elect.Cond.
150,4,77,rs485-ls-77,3,Sensor Maceta 30cm,3,500,1000,U.N.77-SM30CM-Elect.Cond.
143,4,27,rs485-ls-27,1,Sensor Maceta 10cm,3,500,1000,U.N.27-SM10CM-Elect.Cond.
143,4,27,rs485-ls-27,3,Sensor Maceta 30cm,3,500,1000,U.N.27-SM30CM-Elect.Cond.
143,4,58,rs485-ls-58,1,Sensor Maceta 10cm,3,500,1000,U.N.58-SM10CM-Elect.Cond.
143,4,58,rs485-ls-58,3,Sensor Maceta 30cm,3,500,1000,U.N.58-SM30CM-Elect.Cond.
162,4,191,rs485-ls-191,1,Sensor Maceta 10cm,3,500,1000,U.N.191-SM10CM-Elect.Cond.
162,4,191,rs485-ls-191,3,Sensor Maceta 30cm,3,500,1000,U.N.191-SM30CM-Elect.Cond.
160,4,189,rs485-ls-189,1,Sensor Maceta 10cm,3,500,1000,U.N.189-SM10CM-Elect.Cond.
160,4,189,rs485-ls-189,3,Sensor Maceta 30cm,3,500,1000,U.N.189-SM30CM-Elect.Cond.
20,4,94,rs485-ls-94,4,Sensor Suelo 20cm,3,500,2000,U.N.94-SM20CM-Elect.Cond.
20,4,94,rs485-ls-94,5,Sensor Suelo 40cm,3,500,2000,U.N.94-SM40CM-Elect.Cond.
20,4,94,rs485-ls-94,6,Sensor Suelo 60cm,3,500,2000,U.N.94-SM60CM-Elect.Cond.
20,4,96,rs485-ls-96,4,Sensor Suelo 20cm,3,500,2000,U.N.96-SM20CM-Elect.Cond.
20,4,96,rs485-ls-96,5,Sensor Suelo 40cm,3,500,2000,U.N.96-SM40CM-Elect.Cond.
20,4,96,rs485-ls-96,6,Sensor Suelo 60cm,3,500,2000,U.N.96-SM60CM-Elect.Cond.
17,4,91,rs485-ls-91,4,Sensor Suelo 20cm,3,500,2200,U.N.91-SM20CM-Elect.Cond.
17,4,91,rs485-ls-91,5,Sensor Suelo 40cm,3,500,2200,U.N.91-SM40CM-Elect.Cond.
17,4,91,rs485-ls-91,6,Sensor Suelo 60cm,3,500,2200,U.N.91-SM60CM-Elect.Cond.
18,4,92,rs485-ls-92,4,Sensor Suelo 20cm,3,500,2200,U.N.92-SM20CM-Elect.Cond.
18,4,92,rs485-ls-92,5,Sensor Suelo 40cm,3,500,2200,U.N.92-SM40CM-Elect.Cond.
18,4,92,rs485-ls-92,6,Sensor Suelo 60cm,3,500,2200,U.N.92-SM60CM-Elect.Cond.
19,4,93,rs485-ls-93,4,Sensor Suelo 20cm,3,500,2200,U.N.93-SM20CM-Elect.Cond.
19,4,93,rs485-ls-93,5,Sensor Suelo 40cm,3,500,2200,U.N.93-SM40CM-Elect.Cond.
19,4,93,rs485-ls-93,6,Sensor Suelo 60cm,3,500,2200,U.N.93-SM60CM-Elect.Cond.
13,4,70,rs485-ls-70,1,Sensor Maceta 10cm,3,500,1000,U.N.70-SM10CM-Elect.Cond.
13,4,70,rs485-ls-70,3,Sensor Maceta 30cm,3,500,1000,U.N.70-SM30CM-Elect.Cond.
6,4,17,rs485-ls-17,1,Sensor Maceta 10cm,3,500,1000,U.N.17-SM10CM-Elect.Cond.
6,4,17,rs485-ls-17,3,Sensor Maceta 30cm,3,500,1000,U.N.17-SM30CM-Elect.Cond.
12,4,69,rs485-ls-69,1,Sensor Maceta 10cm,3,500,1000,U.N.69-SM10CM-Elect.Cond.
12,4,69,rs485-ls-69,3,Sensor Maceta 30cm,3,500,1000,U.N.69-SM30CM-Elect.Cond.
11,4,68,rs485-ls-68,1,Sensor Maceta 10cm,3,500,1000,U.N.68-SM10CM-Elect.Cond.
11,4,68,rs485-ls-68,3,Sensor Maceta 30cm,3,500,1000,U.N.68-SM30CM-Elect.Cond.
9,4,66,rs485-ls-66,1,Sensor Maceta 10cm,3,500,1000,U.N.66-SM10CM-Elect.Cond.
9,4,66,rs485-ls-66,3,Sensor Maceta 30cm,3,500,1000,U.N.66-SM30CM-Elect.Cond.
15,4,72,rs485-ls-72,1,Sensor Maceta 10cm,3,500,1000,U.N.72-SM10CM-Elect.Cond.
15,4,72,rs485-ls-72,3,Sensor Maceta 30cm,3,500,1000,U.N.72-SM30CM-Elect.Cond.
14,4,71,rs485-ls-71,1,Sensor Maceta 10cm,3,500,1000,U.N.71-SM10CM-Elect.Cond.
14,4,71,rs485-ls-71,3,Sensor Maceta 30cm,3,500,1000,U.N.71-SM30CM-Elect.Cond.
7,4,29,rs485-ls-29,1,Sensor Maceta 10cm,3,500,1000,U.N.29-SM10CM-Elect.Cond.
7,4,29,rs485-ls-29,3,Sensor Maceta 30cm,3,500,1000,U.N.29-SM30CM-Elect.Cond.
8,4,65,rs485-ls-65,1,Sensor Maceta 10cm,3,500,1000,U.N.65-SM10CM-Elect.Cond.
8,4,65,rs485-ls-65,3,Sensor Maceta 30cm,3,500,1000,U.N.65-SM30CM-Elect.Cond.
16,4,73,rs485-ls-73,1,Sensor Maceta 10cm,3,500,1000,U.N.73-SM10CM-Elect.Cond.
16,4,73,rs485-ls-73,3,Sensor Maceta 30cm,3,500,1000,U.N.73-SM30CM-Elect.Cond.
10,4,67,rs485-ls-67,1,Sensor Maceta 10cm,3,500,1000,U.N.67-SM10CM-Elect.Cond.
10,4,67,rs485-ls-67,3,Sensor Maceta 30cm,3,500,1000,U.N.67-SM30CM-Elect.Cond.
22,4,97,rs485-ls-97,4,Sensor Suelo 20cm,3,500,2000,U.N.97-SM20CM-Elect.Cond.
22,4,97,rs485-ls-97,5,Sensor Suelo 40cm,3,500,2000,U.N.97-SM40CM-Elect.Cond.
22,4,97,rs485-ls-97,6,Sensor Suelo 60cm,3,500,2000,U.N.97-SM60CM-Elect.Cond.
21,4,95,rs485-ls-95,4,Sensor Suelo 20cm,3,500,2000,U.N.95-SM20CM-Elect.Cond.
21,4,95,rs485-ls-95,5,Sensor Suelo 40cm,3,500,2000,U.N.95-SM40CM-Elect.Cond.
21,4,95,rs485-ls-95,6,Sensor Suelo 60cm,3,500,2000,U.N.95-SM60CM-Elect.Cond.
68,2,50,rs485-ls-50,1,Sensor Maceta 10cm,2,40,45,U.N.50-SM10CM-Humd.
68,2,50,rs485-ls-50,3,Sensor Maceta 30cm,2,39,42,U.N.50-SM30CM-Humd.
89,2,53,rs485-ls-53,1,Sensor Maceta 10cm,2,40,45,U.N.53-SM10CM-Humd.
89,2,53,rs485-ls-53,3,Sensor Maceta 30cm,2,39,42,U.N.53-SM30CM-Humd.
88,2,51,rs485-ls-51,1,Sensor Maceta 10cm,2,40,45,U.N.51-SM10CM-Humd.
88,2,51,rs485-ls-51,3,Sensor Maceta 30cm,2,39,42,U.N.51-SM30CM-Humd.
71,2,55,rs485-ls-55,1,Sensor Maceta 10cm,2,40,45,U.N.55-SM10CM-Humd.
71,2,55,rs485-ls-55,3,Sensor Maceta 30cm,2,39,42,U.N.55-SM30CM-Humd.
70,2,54,rs485-ls-54,1,Sensor Maceta 10cm,2,40,45,U.N.54-SM10CM-Humd.
70,2,54,rs485-ls-54,3,Sensor Maceta 30cm,2,39,42,U.N.54-SM30CM-Humd.
69,2,52,rs485-ls-52,1,Sensor Maceta 10cm,2,40,45,U.N.52-SM10CM-Humd.
69,2,52,rs485-ls-52,3,Sensor Maceta 30cm,2,39,42,U.N.52-SM30CM-Humd.
81,2,98,rs485-ls-98,4,Sensor Suelo 20cm,2,18,30,U.N.98-SM20CM-Humd.
81,2,98,rs485-ls-98,5,Sensor Suelo 40cm,2,18,30,U.N.98-SM40CM-Humd.
81,2,98,rs485-ls-98,6,Sensor Suelo 60cm,2,18,30,U.N.98-SM60CM-Humd.
82,2,99,rs485-ls-99,4,Sensor Suelo 20cm,2,18,30,U.N.99-SM20CM-Humd.
82,2,99,rs485-ls-99,5,Sensor Suelo 40cm,2,18,30,U.N.99-SM40CM-Humd.
82,2,99,rs485-ls-99,6,Sensor Suelo 60cm,2,18,30,U.N.99-SM60CM-Humd.
83,2,100,rs485-ls-100,4,Sensor Suelo 20cm,2,18,30,U.N.100-SM20CM-Humd.
83,2,100,rs485-ls-100,5,Sensor Suelo 40cm,2,18,30,U.N.100-SM40CM-Humd.
83,2,100,rs485-ls-100,6,Sensor Suelo 60cm,2,18,30,U.N.100-SM60CM-Humd.
84,2,101,rs485-ls-101,4,Sensor Suelo 20cm,2,18,30,U.N.101-SM20CM-Humd.
84,2,101,rs485-ls-101,5,Sensor Suelo 40cm,2,18,30,U.N.101-SM40CM-Humd.
84,2,101,rs485-ls-101,6,Sensor Suelo 60cm,2,18,30,U.N.101-SM60CM-Humd.
87,2,104,rs485-ls-104,4,Sensor Suelo 20cm,2,18,30,U.N.104-SM20CM-Humd.
87,2,104,rs485-ls-104,5,Sensor Suelo 40cm,2,18,30,U.N.104-SM40CM-Humd.
87,2,104,rs485-ls-104,6,Sensor Suelo 60cm,2,18,30,U.N.104-SM60CM-Humd.
86,2,103,rs485-ls-103,4,Sensor Suelo 20cm,2,18,30,U.N.103-SM20CM-Humd.
86,2,103,rs485-ls-103,5,Sensor Suelo 40cm,2,18,30,U.N.103-SM40CM-Humd.
86,2,103,rs485-ls-103,6,Sensor Suelo 60cm,2,18,30,U.N.103-SM60CM-Humd.
85,2,102,rs485-ls-102,4,Sensor Suelo 20cm,2,18,30,U.N.102-SM20CM-Humd.
85,2,102,rs485-ls-102,5,Sensor Suelo 40cm,2,18,30,U.N.102-SM40CM-Humd.
85,2,102,rs485-ls-102,6,Sensor Suelo 60cm,2,18,30,U.N.102-SM60CM-Humd.
91,2,106,rs485-ls-106,4,Sensor Suelo 20cm,2,14,30,U.N.106-SM20CM-Humd.
91,2,106,rs485-ls-106,5,Sensor Suelo 40cm,2,14,30,U.N.106-SM40CM-Humd.
91,2,106,rs485-ls-106,6,Sensor Suelo 60cm,2,14,30,U.N.106-SM60CM-Humd.
96,2,111,rs485-ls-111,4,Sensor Suelo 20cm,2,14,30,U.N.111-SM20CM-Humd.
96,2,111,rs485-ls-111,5,Sensor Suelo 40cm,2,14,30,U.N.111-SM40CM-Humd.
96,2,111,rs485-ls-111,6,Sensor Suelo 60cm,2,14,30,U.N.111-SM60CM-Humd.
92,2,107,rs485-ls-107,4,Sensor Suelo 20cm,2,14,30,U.N.107-SM20CM-Humd.
92,2,107,rs485-ls-107,5,Sensor Suelo 40cm,2,14,30,U.N.107-SM40CM-Humd.
92,2,107,rs485-ls-107,6,Sensor Suelo 60cm,2,14,30,U.N.107-SM60CM-Humd.
94,2,109,rs485-ls-109,4,Sensor Suelo 20cm,2,14,30,U.N.109-SM20CM-Humd.
94,2,109,rs485-ls-109,5,Sensor Suelo 40cm,2,14,30,U.N.109-SM40CM-Humd.
94,2,109,rs485-ls-109,6,Sensor Suelo 60cm,2,14,30,U.N.109-SM60CM-Humd.
98,2,113,rs485-ls-113,4,Sensor Suelo 20cm,2,14,30,U.N.113-SM20CM-Humd.
98,2,113,rs485-ls-113,5,Sensor Suelo 40cm,2,14,30,U.N.113-SM40CM-Humd.
98,2,113,rs485-ls-113,6,Sensor Suelo 60cm,2,14,30,U.N.113-SM60CM-Humd.
99,2,114,rs485-ls-114,4,Sensor Suelo 20cm,2,14,30,U.N.114-SM20CM-Humd.
99,2,114,rs485-ls-114,5,Sensor Suelo 40cm,2,14,30,U.N.114-SM40CM-Humd.
99,2,114,rs485-ls-114,6,Sensor Suelo 60cm,2,14,30,U.N.114-SM60CM-Humd.
90,2,105,rs485-ls-105,4,Sensor Suelo 20cm,2,14,30,U.N.105-SM20CM-Humd.
90,2,105,rs485-ls-105,5,Sensor Suelo 40cm,2,14,30,U.N.105-SM40CM-Humd.
90,2,105,rs485-ls-105,6,Sensor Suelo 60cm,2,14,30,U.N.105-SM60CM-Humd.
93,2,108,rs485-ls-108,4,Sensor Suelo 20cm,2,14,30,U.N.108-SM20CM-Humd.
93,2,108,rs485-ls-108,5,Sensor Suelo 40cm,2,14,30,U.N.108-SM40CM-Humd.
93,2,108,rs485-ls-108,6,Sensor Suelo 60cm,2,14,30,U.N.108-SM60CM-Humd.
97,2,112,rs485-ls-112,4,Sensor Suelo 20cm,2,14,30,U.N.112-SM20CM-Humd.
97,2,112,rs485-ls-112,5,Sensor Suelo 40cm,2,14,30,U.N.112-SM40CM-Humd.
97,2,112,rs485-ls-112,6,Sensor Suelo 60cm,2,14,30,U.N.112-SM60CM-Humd.
95,2,110,rs485-ls-110,4,Sensor Suelo 20cm,2,14,30,U.N.110-SM20CM-Humd.
95,2,110,rs485-ls-110,5,Sensor Suelo 40cm,2,14,30,U.N.110-SM40CM-Humd.
95,2,110,rs485-ls-110,6,Sensor Suelo 60cm,2,14,30,U.N.110-SM60CM-Humd.
101,2,116,rs485-ls-116,4,Sensor Suelo 20cm,2,18,30,U.N.116-SM20CM-Humd.
101,2,116,rs485-ls-116,5,Sensor Suelo 40cm,2,18,30,U.N.116-SM40CM-Humd.
101,2,116,rs485-ls-116,6,Sensor Suelo 60cm,2,18,30,U.N.116-SM60CM-Humd.
156,2,153,rs485-ls-153,4,Sensor Suelo 20cm,2,18,30,U.N.153-SM20CM-Humd.
156,2,153,rs485-ls-153,5,Sensor Suelo 40cm,2,18,30,U.N.153-SM40CM-Humd.
156,2,153,rs485-ls-153,6,Sensor Suelo 60cm,2,18,30,U.N.153-SM60CM-Humd.
158,2,155,rs485-ls-155,4,Sensor Suelo 20cm,2,18,30,U.N.155-SM20CM-Humd.
158,2,155,rs485-ls-155,5,Sensor Suelo 40cm,2,18,30,U.N.155-SM40CM-Humd.
158,2,155,rs485-ls-155,6,Sensor Suelo 60cm,2,18,30,U.N.155-SM60CM-Humd.
155,2,152,rs485-ls-152,4,Sensor Suelo 20cm,2,18,30,U.N.152-SM20CM-Humd.
155,2,152,rs485-ls-152,5,Sensor Suelo 40cm,2,18,30,U.N.152-SM40CM-Humd.
155,2,152,rs485-ls-152,6,Sensor Suelo 60cm,2,18,30,U.N.152-SM60CM-Humd.
154,2,150,rs485-ls-150,4,Sensor Suelo 20cm,2,18,30,U.N.150-SM20CM-Humd.
154,2,150,rs485-ls-150,5,Sensor Suelo 40cm,2,18,30,U.N.150-SM40CM-Humd.
154,2,150,rs485-ls-150,6,Sensor Suelo 60cm,2,18,30,U.N.150-SM60CM-Humd.
140,2,167,rs485-ls-167,4,Sensor Suelo 20cm,2,18,30,U.N.167-SM20CM-Humd.
140,2,167,rs485-ls-167,5,Sensor Suelo 40cm,2,18,30,U.N.167-SM40CM-Humd.
140,2,167,rs485-ls-167,6,Sensor Suelo 60cm,2,18,30,U.N.167-SM60CM-Humd.
102,2,117,rs485-ls-117,4,Sensor Suelo 20cm,2,18,30,U.N.117-SM20CM-Humd.
102,2,117,rs485-ls-117,5,Sensor Suelo 40cm,2,18,30,U.N.117-SM40CM-Humd.
102,2,117,rs485-ls-117,6,Sensor Suelo 60cm,2,18,30,U.N.117-SM60CM-Humd.
106,2,121,rs485-ls-121,4,Sensor Suelo 20cm,2,18,30,U.N.121-SM20CM-Humd.
106,2,121,rs485-ls-121,5,Sensor Suelo 40cm,2,18,30,U.N.121-SM40CM-Humd.
106,2,121,rs485-ls-121,6,Sensor Suelo 60cm,2,18,30,U.N.121-SM60CM-Humd.
100,2,115,rs485-ls-115,4,Sensor Suelo 20cm,2,18,30,U.N.115-SM20CM-Humd.
100,2,115,rs485-ls-115,5,Sensor Suelo 40cm,2,18,30,U.N.115-SM40CM-Humd.
100,2,115,rs485-ls-115,6,Sensor Suelo 60cm,2,18,30,U.N.115-SM60CM-Humd.
103,2,118,rs485-ls-118,4,Sensor Suelo 20cm,2,18,30,U.N.118-SM20CM-Humd.
103,2,118,rs485-ls-118,5,Sensor Suelo 40cm,2,18,30,U.N.118-SM40CM-Humd.
103,2,118,rs485-ls-118,6,Sensor Suelo 60cm,2,18,30,U.N.118-SM60CM-Humd.
104,2,119,rs485-ls-119,4,Sensor Suelo 20cm,2,18,30,U.N.119-SM20CM-Humd.
104,2,119,rs485-ls-119,5,Sensor Suelo 40cm,2,18,30,U.N.119-SM40CM-Humd.
104,2,119,rs485-ls-119,6,Sensor Suelo 60cm,2,18,30,U.N.119-SM60CM-Humd.
134,2,151,rs485-ls-151,4,Sensor Suelo 20cm,2,18,30,U.N.151-SM20CM-Humd.
134,2,151,rs485-ls-151,5,Sensor Suelo 40cm,2,18,30,U.N.151-SM40CM-Humd.
134,2,151,rs485-ls-151,6,Sensor Suelo 60cm,2,18,30,U.N.151-SM60CM-Humd.
132,2,148,rs485-ls-148,4,Sensor Suelo 20cm,2,18,30,U.N.148-SM20CM-Humd.
132,2,148,rs485-ls-148,5,Sensor Suelo 40cm,2,18,30,U.N.148-SM40CM-Humd.
132,2,148,rs485-ls-148,6,Sensor Suelo 60cm,2,18,30,U.N.148-SM60CM-Humd.
125,2,140,rs485-ls-140,4,Sensor Suelo 20cm,2,18,30,U.N.140-SM20CM-Humd.
125,2,140,rs485-ls-140,5,Sensor Suelo 40cm,2,18,30,U.N.140-SM40CM-Humd.
125,2,140,rs485-ls-140,6,Sensor Suelo 60cm,2,18,30,U.N.140-SM60CM-Humd.
133,2,149,rs485-ls-149,4,Sensor Suelo 20cm,2,18,30,U.N.149-SM20CM-Humd.
133,2,149,rs485-ls-149,5,Sensor Suelo 40cm,2,18,30,U.N.149-SM40CM-Humd.
133,2,149,rs485-ls-149,6,Sensor Suelo 60cm,2,18,30,U.N.149-SM60CM-Humd.
130,2,145,rs485-ls-145,4,Sensor Suelo 20cm,2,18,30,U.N.145-SM20CM-Humd.
130,2,145,rs485-ls-145,5,Sensor Suelo 40cm,2,18,30,U.N.145-SM40CM-Humd.
130,2,145,rs485-ls-145,6,Sensor Suelo 60cm,2,18,30,U.N.145-SM60CM-Humd.
129,2,144,rs485-ls-144,4,Sensor Suelo 20cm,2,18,30,U.N.144-SM20CM-Humd.
129,2,144,rs485-ls-144,5,Sensor Suelo 40cm,2,18,30,U.N.144-SM40CM-Humd.
129,2,144,rs485-ls-144,6,Sensor Suelo 60cm,2,18,30,U.N.144-SM60CM-Humd.
128,2,143,rs485-ls-143,4,Sensor Suelo 20cm,2,18,30,U.N.143-SM20CM-Humd.
128,2,143,rs485-ls-143,5,Sensor Suelo 40cm,2,18,30,U.N.143-SM40CM-Humd.
128,2,143,rs485-ls-143,6,Sensor Suelo 60cm,2,18,30,U.N.143-SM60CM-Humd.
166,2,90,rs485-ls-90,4,Sensor Suelo 20cm,2,18,30,U.N.90-SM20CM-Humd.
166,2,90,rs485-ls-90,5,Sensor Suelo 40cm,2,18,30,U.N.90-SM40CM-Humd.
166,2,90,rs485-ls-90,6,Sensor Suelo 60cm,2,18,30,U.N.90-SM60CM-Humd.
159,2,156,rs485-ls-156,4,Sensor Suelo 20cm,2,18,30,U.N.156-SM20CM-Humd.
159,2,156,rs485-ls-156,5,Sensor Suelo 40cm,2,18,30,U.N.156-SM40CM-Humd.
159,2,156,rs485-ls-156,6,Sensor Suelo 60cm,2,18,30,U.N.156-SM60CM-Humd.
127,2,142,rs485-ls-142,4,Sensor Suelo 20cm,2,18,30,U.N.142-SM20CM-Humd.
127,2,142,rs485-ls-142,5,Sensor Suelo 40cm,2,18,30,U.N.142-SM40CM-Humd.
127,2,142,rs485-ls-142,6,Sensor Suelo 60cm,2,18,30,U.N.142-SM60CM-Humd.
131,2,146,rs485-ls-146,4,Sensor Suelo 20cm,2,18,30,U.N.146-SM20CM-Humd.
131,2,146,rs485-ls-146,5,Sensor Suelo 40cm,2,18,30,U.N.146-SM40CM-Humd.
131,2,146,rs485-ls-146,6,Sensor Suelo 60cm,2,18,30,U.N.146-SM60CM-Humd.
107,2,122,rs485-ls-122,4,Sensor Suelo 20cm,2,18,30,U.N.122-SM20CM-Humd.
107,2,122,rs485-ls-122,5,Sensor Suelo 40cm,2,18,30,U.N.122-SM40CM-Humd.
107,2,122,rs485-ls-122,6,Sensor Suelo 60cm,2,18,30,U.N.122-SM60CM-Humd.
108,2,123,rs485-ls-123,4,Sensor Suelo 20cm,2,18,30,U.N.123-SM20CM-Humd.
108,2,123,rs485-ls-123,5,Sensor Suelo 40cm,2,18,30,U.N.123-SM40CM-Humd.
108,2,123,rs485-ls-123,6,Sensor Suelo 60cm,2,18,30,U.N.123-SM60CM-Humd.
153,2,147,rs485-ls-147,4,Sensor Suelo 20cm,2,18,30,U.N.147-SM20CM-Humd.
153,2,147,rs485-ls-147,5,Sensor Suelo 40cm,2,18,30,U.N.147-SM40CM-Humd.
153,2,147,rs485-ls-147,6,Sensor Suelo 60cm,2,18,30,U.N.147-SM60CM-Humd.
165,2,89,rs485-ls-89,4,Sensor Suelo 20cm,2,18,30,U.N.89-SM20CM-Humd.
165,2,89,rs485-ls-89,5,Sensor Suelo 40cm,2,18,30,U.N.89-SM40CM-Humd.
165,2,89,rs485-ls-89,6,Sensor Suelo 60cm,2,18,30,U.N.89-SM60CM-Humd.
167,2,157,rs485-ls-157,4,Sensor Suelo 20cm,2,14,30,U.N.157-SM20CM-Humd.
167,2,157,rs485-ls-157,5,Sensor Suelo 40cm,2,14,30,U.N.157-SM40CM-Humd.
167,2,157,rs485-ls-157,6,Sensor Suelo 60cm,2,14,30,U.N.157-SM60CM-Humd.
157,2,154,rs485-ls-154,4,Sensor Suelo 20cm,2,14,30,U.N.154-SM20CM-Humd.
157,2,154,rs485-ls-154,5,Sensor Suelo 40cm,2,14,30,U.N.154-SM40CM-Humd.
157,2,154,rs485-ls-154,6,Sensor Suelo 60cm,2,14,30,U.N.154-SM60CM-Humd.
124,2,137,rs485-ls-137,4,Sensor Suelo 20cm,2,18,30,U.N.137-SM20CM-Humd.
124,2,137,rs485-ls-137,5,Sensor Suelo 40cm,2,18,30,U.N.137-SM40CM-Humd.
124,2,137,rs485-ls-137,6,Sensor Suelo 60cm,2,18,30,U.N.137-SM60CM-Humd.
126,2,141,rs485-ls-141,4,Sensor Suelo 20cm,2,18,30,U.N.141-SM20CM-Humd.
126,2,141,rs485-ls-141,5,Sensor Suelo 40cm,2,18,30,U.N.141-SM40CM-Humd.
126,2,141,rs485-ls-141,6,Sensor Suelo 60cm,2,18,30,U.N.141-SM60CM-Humd.
135,2,160,rs485-ls-160,4,Sensor Suelo 20cm,2,18,30,U.N.160-SM20CM-Humd.
135,2,160,rs485-ls-160,5,Sensor Suelo 40cm,2,18,30,U.N.160-SM40CM-Humd.
135,2,160,rs485-ls-160,6,Sensor Suelo 60cm,2,18,30,U.N.160-SM60CM-Humd.
136,2,161,rs485-ls-161,4,Sensor Suelo 20cm,2,18,30,U.N.161-SM20CM-Humd.
136,2,161,rs485-ls-161,5,Sensor Suelo 40cm,2,18,30,U.N.161-SM40CM-Humd.
136,2,161,rs485-ls-161,6,Sensor Suelo 60cm,2,18,30,U.N.161-SM60CM-Humd.
138,2,163,rs485-ls-163,4,Sensor Suelo 20cm,2,18,30,U.N.163-SM20CM-Humd.
138,2,163,rs485-ls-163,5,Sensor Suelo 40cm,2,18,30,U.N.163-SM40CM-Humd.
138,2,163,rs485-ls-163,6,Sensor Suelo 60cm,2,18,30,U.N.163-SM60CM-Humd.
139,2,164,rs485-ls-164,4,Sensor Suelo 20cm,2,18,30,U.N.164-SM20CM-Humd.
139,2,164,rs485-ls-164,5,Sensor Suelo 40cm,2,18,30,U.N.164-SM40CM-Humd.
139,2,164,rs485-ls-164,6,Sensor Suelo 60cm,2,18,30,U.N.164-SM60CM-Humd.
137,2,162,rs485-ls-162,4,Sensor Suelo 20cm,2,14,30,U.N.162-SM20CM-Humd.
137,2,162,rs485-ls-162,5,Sensor Suelo 40cm,2,14,30,U.N.162-SM40CM-Humd.
137,2,162,rs485-ls-162,6,Sensor Suelo 60cm,2,14,30,U.N.162-SM60CM-Humd.
118,2,133,rs485-ls-133,4,Sensor Suelo 20cm,2,18,30,U.N.133-SM20CM-Humd.
118,2,133,rs485-ls-133,5,Sensor Suelo 40cm,2,18,30,U.N.133-SM40CM-Humd.
118,2,133,rs485-ls-133,6,Sensor Suelo 60cm,2,18,30,U.N.133-SM60CM-Humd.
120,2,135,rs485-ls-135,4,Sensor Suelo 20cm,2,18,30,U.N.135-SM20CM-Humd.
120,2,135,rs485-ls-135,5,Sensor Suelo 40cm,2,18,30,U.N.135-SM40CM-Humd.
120,2,135,rs485-ls-135,6,Sensor Suelo 60cm,2,18,30,U.N.135-SM60CM-Humd.
117,2,132,rs485-ls-132,4,Sensor Suelo 20cm,2,18,30,U.N.132-SM20CM-Humd.
117,2,132,rs485-ls-132,5,Sensor Suelo 40cm,2,18,30,U.N.132-SM40CM-Humd.
117,2,132,rs485-ls-132,6,Sensor Suelo 60cm,2,18,30,U.N.132-SM60CM-Humd.
123,2,139,rs485-ls-139,4,Sensor Suelo 20cm,2,18,30,U.N.139-SM20CM-Humd.
123,2,139,rs485-ls-139,5,Sensor Suelo 40cm,2,18,30,U.N.139-SM40CM-Humd.
123,2,139,rs485-ls-139,6,Sensor Suelo 60cm,2,18,30,U.N.139-SM60CM-Humd.
122,2,138,rs485-ls-138,4,Sensor Suelo 20cm,2,18,30,U.N.138-SM20CM-Humd.
122,2,138,rs485-ls-138,5,Sensor Suelo 40cm,2,18,30,U.N.138-SM40CM-Humd.
122,2,138,rs485-ls-138,6,Sensor Suelo 60cm,2,18,30,U.N.138-SM60CM-Humd.
121,2,136,rs485-ls-136,4,Sensor Suelo 20cm,2,18,30,U.N.136-SM20CM-Humd.
121,2,136,rs485-ls-136,5,Sensor Suelo 40cm,2,18,30,U.N.136-SM40CM-Humd.
121,2,136,rs485-ls-136,6,Sensor Suelo 60cm,2,18,30,U.N.136-SM60CM-Humd.
113,2,128,rs485-ls-128,4,Sensor Suelo 20cm,2,18,30,U.N.128-SM20CM-Humd.
113,2,128,rs485-ls-128,5,Sensor Suelo 40cm,2,18,30,U.N.128-SM40CM-Humd.
113,2,128,rs485-ls-128,6,Sensor Suelo 60cm,2,18,30,U.N.128-SM60CM-Humd.
112,2,127,rs485-ls-127,4,Sensor Suelo 20cm,2,18,30,U.N.127-SM20CM-Humd.
112,2,127,rs485-ls-127,5,Sensor Suelo 40cm,2,18,30,U.N.127-SM40CM-Humd.
112,2,127,rs485-ls-127,6,Sensor Suelo 60cm,2,18,30,U.N.127-SM60CM-Humd.
114,2,129,rs485-ls-129,4,Sensor Suelo 20cm,2,18,30,U.N.129-SM20CM-Humd.
114,2,129,rs485-ls-129,5,Sensor Suelo 40cm,2,18,30,U.N.129-SM40CM-Humd.
114,2,129,rs485-ls-129,6,Sensor Suelo 60cm,2,18,30,U.N.129-SM60CM-Humd.
111,2,126,rs485-ls-126,4,Sensor Suelo 20cm,2,18,30,U.N.126-SM20CM-Humd.
111,2,126,rs485-ls-126,5,Sensor Suelo 40cm,2,18,30,U.N.126-SM40CM-Humd.
111,2,126,rs485-ls-126,6,Sensor Suelo 60cm,2,18,30,U.N.126-SM60CM-Humd.
105,2,120,rs485-ls-120,4,Sensor Suelo 20cm,2,18,30,U.N.120-SM20CM-Humd.
105,2,120,rs485-ls-120,5,Sensor Suelo 40cm,2,18,30,U.N.120-SM40CM-Humd.
105,2,120,rs485-ls-120,6,Sensor Suelo 60cm,2,18,30,U.N.120-SM60CM-Humd.
109,2,124,rs485-ls-124,4,Sensor Suelo 20cm,2,18,30,U.N.124-SM20CM-Humd.
109,2,124,rs485-ls-124,5,Sensor Suelo 40cm,2,18,30,U.N.124-SM40CM-Humd.
109,2,124,rs485-ls-124,6,Sensor Suelo 60cm,2,18,30,U.N.124-SM60CM-Humd.
110,2,125,rs485-ls-125,4,Sensor Suelo 20cm,2,18,30,U.N.125-SM20CM-Humd.
110,2,125,rs485-ls-125,5,Sensor Suelo 40cm,2,18,30,U.N.125-SM40CM-Humd.
110,2,125,rs485-ls-125,6,Sensor Suelo 60cm,2,18,30,U.N.125-SM60CM-Humd.
115,2,130,rs485-ls-130,4,Sensor Suelo 20cm,2,18,30,U.N.130-SM20CM-Humd.
115,2,130,rs485-ls-130,5,Sensor Suelo 40cm,2,18,30,U.N.130-SM40CM-Humd.
115,2,130,rs485-ls-130,6,Sensor Suelo 60cm,2,18,30,U.N.130-SM60CM-Humd.
116,2,131,rs485-ls-131,4,Sensor Suelo 20cm,2,18,30,U.N.131-SM20CM-Humd.
116,2,131,rs485-ls-131,5,Sensor Suelo 40cm,2,18,30,U.N.131-SM40CM-Humd.
116,2,131,rs485-ls-131,6,Sensor Suelo 60cm,2,18,30,U.N.131-SM60CM-Humd.
119,2,134,rs485-ls-134,4,Sensor Suelo 20cm,2,18,30,U.N.134-SM20CM-Humd.
119,2,134,rs485-ls-134,5,Sensor Suelo 40cm,2,18,30,U.N.134-SM40CM-Humd.
119,2,134,rs485-ls-134,6,Sensor Suelo 60cm,2,18,30,U.N.134-SM60CM-Humd.
172,2,168,rs485-ls-168,4,Sensor Suelo 20cm,2,20,35,U.N.168-SM20CM-Humd.
172,2,168,rs485-ls-168,5,Sensor Suelo 40cm,2,20,35,U.N.168-SM40CM-Humd.
172,2,168,rs485-ls-168,6,Sensor Suelo 60cm,2,20,35,U.N.168-SM60CM-Humd.
168,2,158,rs485-ls-158,4,Sensor Suelo 20cm,2,20,35,U.N.158-SM20CM-Humd.
168,2,158,rs485-ls-158,5,Sensor Suelo 40cm,2,20,35,U.N.158-SM40CM-Humd.
168,2,158,rs485-ls-158,6,Sensor Suelo 60cm,2,20,35,U.N.158-SM60CM-Humd.
175,2,171,rs485-ls-171,4,Sensor Suelo 20cm,2,20,35,U.N.171-SM20CM-Humd.
175,2,171,rs485-ls-171,5,Sensor Suelo 40cm,2,20,35,U.N.171-SM40CM-Humd.
175,2,171,rs485-ls-171,6,Sensor Suelo 60cm,2,20,35,U.N.171-SM60CM-Humd.
169,2,159,rs485-ls-159,4,Sensor Suelo 20cm,2,20,35,U.N.159-SM20CM-Humd.
169,2,159,rs485-ls-159,5,Sensor Suelo 40cm,2,20,35,U.N.159-SM40CM-Humd.
169,2,159,rs485-ls-159,6,Sensor Suelo 60cm,2,20,35,U.N.159-SM60CM-Humd.
176,2,172,rs485-ls-172,4,Sensor Suelo 20cm,2,20,35,U.N.172-SM20CM-Humd.
176,2,172,rs485-ls-172,5,Sensor Suelo 40cm,2,20,35,U.N.172-SM40CM-Humd.
176,2,172,rs485-ls-172,6,Sensor Suelo 60cm,2,20,35,U.N.172-SM60CM-Humd.
174,2,170,rs485-ls-170,4,Sensor Suelo 20cm,2,20,35,U.N.170-SM20CM-Humd.
174,2,170,rs485-ls-170,5,Sensor Suelo 40cm,2,20,35,U.N.170-SM40CM-Humd.
174,2,170,rs485-ls-170,6,Sensor Suelo 60cm,2,20,35,U.N.170-SM60CM-Humd.
177,2,173,rs485-ls-173,4,Sensor Suelo 20cm,2,20,35,U.N.173-SM20CM-Humd.
177,2,173,rs485-ls-173,5,Sensor Suelo 40cm,2,20,35,U.N.173-SM40CM-Humd.
177,2,173,rs485-ls-173,6,Sensor Suelo 60cm,2,20,35,U.N.173-SM60CM-Humd.
171,2,166,rs485-ls-166,4,Sensor Suelo 20cm,2,20,35,U.N.166-SM20CM-Humd.
171,2,166,rs485-ls-166,5,Sensor Suelo 40cm,2,20,35,U.N.166-SM40CM-Humd.
171,2,166,rs485-ls-166,6,Sensor Suelo 60cm,2,20,35,U.N.166-SM60CM-Humd.
178,2,174,rs485-ls-174,4,Sensor Suelo 20cm,2,20,35,U.N.174-SM20CM-Humd.
178,2,174,rs485-ls-174,5,Sensor Suelo 40cm,2,20,35,U.N.174-SM40CM-Humd.
178,2,174,rs485-ls-174,6,Sensor Suelo 60cm,2,20,35,U.N.174-SM60CM-Humd.
173,2,169,rs485-ls-169,4,Sensor Suelo 20cm,2,20,35,U.N.169-SM20CM-Humd.
173,2,169,rs485-ls-169,5,Sensor Suelo 40cm,2,20,35,U.N.169-SM40CM-Humd.
173,2,169,rs485-ls-169,6,Sensor Suelo 60cm,2,20,35,U.N.169-SM60CM-Humd.
170,2,165,rs485-ls-165,4,Sensor Suelo 20cm,2,20,35,U.N.165-SM20CM-Humd.
170,2,165,rs485-ls-165,5,Sensor Suelo 40cm,2,20,35,U.N.165-SM40CM-Humd.
170,2,165,rs485-ls-165,6,Sensor Suelo 60cm,2,20,35,U.N.165-SM60CM-Humd.
31,2,38,rs485-ls-38,1,Sensor Maceta 10cm,2,40,45,U.N.38-SM10CM-Humd.
31,2,38,rs485-ls-38,3,Sensor Maceta 30cm,2,39,42,U.N.38-SM30CM-Humd.
4,2,7,rs485-ls-7,1,Sensor Maceta 10cm,2,40,45,U.N.7-SM10CM-Humd.
4,2,7,rs485-ls-7,3,Sensor Maceta 30cm,2,39,42,U.N.7-SM30CM-Humd.
3,2,6,rs485-ls-5,1,Sensor Maceta 10cm,2,40,45,U.N.5-SM10CM-Humd.
3,2,6,rs485-ls-5,3,Sensor Maceta 30cm,2,39,42,U.N.5-SM30CM-Humd.
2,2,2,rs485-ls-2,1,Sensor Maceta 10cm,2,40,45,U.N.2-SM10CM-Humd.
2,2,2,rs485-ls-2,2,Sensor Maceta 20cm,2,39,42,U.N.2-SM20CM-Humd.
2,2,2,rs485-ls-2,3,Sensor Maceta 30cm,2,39,42,U.N.2-SM30CM-Humd.
1,2,1,rs485-ls-1,1,Sensor Maceta 10cm,2,40,45,U.N.1-SM10CM-Humd.
1,2,1,rs485-ls-1,2,Sensor Maceta 20cm,2,39,42,U.N.1-SM20CM-Humd.
1,2,1,rs485-ls-1,3,Sensor Maceta 30cm,2,39,42,U.N.1-SM30CM-Humd.
187,2,256,Nodo Prueba 1,1,Sensor Maceta 10cm,2,40,45,U.N.1-SM10CM-Humd.
187,2,256,Nodo Prueba 1,2,Sensor Maceta 20cm,2,39,42,U.N.1-SM20CM-Humd.
187,2,256,Nodo Prueba 1,3,Sensor Maceta 30cm,2,39,42,U.N.1-SM30CM-Humd.
76,2,84,rs485-ls-84,1,Sensor Maceta 10cm,2,35,42,U.N.84-SM10CM-Humd.
76,2,84,rs485-ls-84,3,Sensor Maceta 30cm,2,33,40,U.N.84-SM30CM-Humd.
51,2,16,rs485-ls-16,1,Sensor Maceta 10cm,2,35,42,U.N.16-SM10CM-Humd.
51,2,16,rs485-ls-16,3,Sensor Maceta 30cm,2,33,40,U.N.16-SM30CM-Humd.
75,2,83,rs485-ls-83,1,Sensor Maceta 10cm,2,35,42,U.N.83-SM10CM-Humd.
75,2,83,rs485-ls-83,3,Sensor Maceta 30cm,2,33,40,U.N.83-SM30CM-Humd.
52,2,18,rs485-ls-18,1,Sensor Maceta 10cm,2,35,42,U.N.18-SM10CM-Humd.
52,2,18,rs485-ls-18,3,Sensor Maceta 30cm,2,33,40,U.N.18-SM30CM-Humd.
80,2,88,rs485-ls-88,1,Sensor Maceta 10cm,2,35,42,U.N.88-SM10CM-Humd.
80,2,88,rs485-ls-88,3,Sensor Maceta 30cm,2,33,40,U.N.88-SM30CM-Humd.
30,2,37,rs485-ls-37,1,Sensor Maceta 10cm,2,35,42,U.N.37-SM10CM-Humd.
30,2,37,rs485-ls-37,3,Sensor Maceta 30cm,2,33,40,U.N.37-SM30CM-Humd.
45,2,11,rs485-ls-11,1,Sensor Maceta 10cm,2,35,42,U.N.11-SM10CM-Humd.
45,2,11,rs485-ls-11,3,Sensor Maceta 30cm,2,33,40,U.N.11-SM30CM-Humd.
47,2,13,rs485-ls-13,1,Sensor Maceta 10cm,2,35,42,U.N.13-SM10CM-Humd.
47,2,13,rs485-ls-13,3,Sensor Maceta 30cm,2,33,40,U.N.13-SM30CM-Humd.
46,2,12,rs485-ls-12,1,Sensor Maceta 10cm,2,35,42,U.N.12-SM10CM-Humd.
46,2,12,rs485-ls-12,3,Sensor Maceta 30cm,2,33,40,U.N.12-SM30CM-Humd.
32,2,39,rs485-ls-39,1,Sensor Maceta 10cm,2,35,42,U.N.39-SM10CM-Humd.
32,2,39,rs485-ls-39,3,Sensor Maceta 30cm,2,33,40,U.N.39-SM30CM-Humd.
53,2,20,rs485-ls-20,1,Sensor Maceta 10cm,2,35,42,U.N.20-SM10CM-Humd.
53,2,20,rs485-ls-20,3,Sensor Maceta 30cm,2,33,40,U.N.20-SM30CM-Humd.
54,2,21,rs485-ls-21,1,Sensor Maceta 10cm,2,35,42,U.N.21-SM10CM-Humd.
54,2,21,rs485-ls-21,3,Sensor Maceta 30cm,2,33,40,U.N.21-SM30CM-Humd.
33,2,60,rs485-ls-60,1,Sensor Maceta 10cm,2,35,42,U.N.60-SM10CM-Humd.
33,2,60,rs485-ls-60,3,Sensor Maceta 30cm,2,33,40,U.N.60-SM30CM-Humd.
79,2,87,rs485-ls-87,1,Sensor Maceta 10cm,2,35,42,U.N.87-SM10CM-Humd.
79,2,87,rs485-ls-87,3,Sensor Maceta 30cm,2,33,40,U.N.87-SM30CM-Humd.
59,2,41,rs485-ls-41,1,Sensor Maceta 10cm,2,35,42,U.N.41-SM10CM-Humd.
59,2,41,rs485-ls-41,3,Sensor Maceta 30cm,2,33,40,U.N.41-SM30CM-Humd.
60,2,42,rs485-ls-42,1,Sensor Maceta 10cm,2,35,42,U.N.42-SM10CM-Humd.
60,2,42,rs485-ls-42,3,Sensor Maceta 30cm,2,33,40,U.N.42-SM30CM-Humd.
61,2,43,rs485-ls-43,1,Sensor Maceta 10cm,2,35,42,U.N.43-SM10CM-Humd.
61,2,43,rs485-ls-43,3,Sensor Maceta 30cm,2,33,40,U.N.43-SM30CM-Humd.
63,2,45,rs485-ls-45,1,Sensor Maceta 10cm,2,35,42,U.N.45-SM10CM-Humd.
63,2,45,rs485-ls-45,3,Sensor Maceta 30cm,2,33,40,U.N.45-SM30CM-Humd.
62,2,44,rs485-ls-44,1,Sensor Maceta 10cm,2,35,42,U.N.44-SM10CM-Humd.
62,2,44,rs485-ls-44,3,Sensor Maceta 30cm,2,33,40,U.N.44-SM30CM-Humd.
23,2,30,rs485-ls-30,1,Sensor Maceta 10cm,2,35,42,U.N.30-SM10CM-Humd.
23,2,30,rs485-ls-30,3,Sensor Maceta 30cm,2,33,40,U.N.30-SM30CM-Humd.
27,2,34,rs485-ls-34,1,Sensor Maceta 10cm,2,35,42,U.N.34-SM10CM-Humd.
27,2,34,rs485-ls-34,3,Sensor Maceta 30cm,2,33,40,U.N.34-SM30CM-Humd.
65,2,47,rs485-ls-47,1,Sensor Maceta 10cm,2,35,42,U.N.47-SM10CM-Humd.
65,2,47,rs485-ls-47,3,Sensor Maceta 30cm,2,33,40,U.N.47-SM30CM-Humd.
67,2,49,rs485-ls-49,1,Sensor Maceta 10cm,2,35,42,U.N.49-SM10CM-Humd.
67,2,49,rs485-ls-49,3,Sensor Maceta 30cm,2,33,40,U.N.49-SM30CM-Humd.
38,2,74,rs485-ls-74,1,Sensor Maceta 10cm,2,35,42,U.N.74-SM10CM-Humd.
38,2,74,rs485-ls-74,3,Sensor Maceta 30cm,2,33,40,U.N.74-SM30CM-Humd.
64,2,46,rs485-ls-46,1,Sensor Maceta 10cm,2,35,42,U.N.46-SM10CM-Humd.
64,2,46,rs485-ls-46,3,Sensor Maceta 30cm,2,33,40,U.N.46-SM30CM-Humd.
49,2,14,rs485-ls-14,1,Sensor Maceta 10cm,2,35,42,U.N.14-SM10CM-Humd.
49,2,14,rs485-ls-14,3,Sensor Maceta 30cm,2,33,40,U.N.14-SM30CM-Humd.
36,2,63,rs485-ls-63,1,Sensor Maceta 10cm,2,35,42,U.N.63-SM10CM-Humd.
36,2,63,rs485-ls-63,3,Sensor Maceta 30cm,2,33,40,U.N.63-SM30CM-Humd.
48,2,19,rs485-ls-19,1,Sensor Maceta 10cm,2,35,42,U.N.19-SM10CM-Humd.
48,2,19,rs485-ls-19,3,Sensor Maceta 30cm,2,33,40,U.N.19-SM30CM-Humd.
43,2,9,rs485-ls-9,1,Sensor Maceta 10cm,2,35,42,U.N.9-SM10CM-Humd.
43,2,9,rs485-ls-9,3,Sensor Maceta 30cm,2,33,40,U.N.9-SM30CM-Humd.
44,2,10,rs485-ls-10,1,Sensor Maceta 10cm,2,35,42,U.N.10-SM10CM-Humd.
44,2,10,rs485-ls-10,3,Sensor Maceta 30cm,2,33,40,U.N.10-SM30CM-Humd.
41,2,3,rs485-ls-3,1,Sensor Maceta 10cm,2,35,42,U.N.3-SM10CM-Humd.
41,2,3,rs485-ls-3,3,Sensor Maceta 30cm,2,33,40,U.N.3-SM30CM-Humd.
29,2,36,rs485-ls-36,1,Sensor Maceta 10cm,2,35,42,U.N.36-SM10CM-Humd.
29,2,36,rs485-ls-36,3,Sensor Maceta 30cm,2,33,40,U.N.36-SM30CM-Humd.
39,2,4,rs485-ls-4,1,Sensor Maceta 10cm,2,35,42,U.N.4-SM10CM-Humd.
39,2,4,rs485-ls-4,3,Sensor Maceta 30cm,2,33,40,U.N.4-SM30CM-Humd.
40,2,5,rs485-ls-6,1,Sensor Maceta 10cm,2,35,42,U.N.6-SM10CM-Humd.
40,2,5,rs485-ls-6,2,Sensor Maceta 20cm,2,33,40,U.N.6-SM20CM-Humd.
40,2,5,rs485-ls-6,3,Sensor Maceta 30cm,2,33,40,U.N.6-SM30CM-Humd.
42,2,8,rs485-ls-8,1,Sensor Maceta 10cm,2,35,42,U.N.8-SM10CM-Humd.
42,2,8,rs485-ls-8,3,Sensor Maceta 30cm,2,33,40,U.N.8-SM30CM-Humd.
26,2,33,rs485-ls-33,1,Sensor Maceta 10cm,2,35,42,U.N.33-SM10CM-Humd.
26,2,33,rs485-ls-33,3,Sensor Maceta 30cm,2,33,40,U.N.33-SM30CM-Humd.
66,2,48,rs485-ls-48,1,Sensor Maceta 10cm,2,35,42,U.N.48-SM10CM-Humd.
66,2,48,rs485-ls-48,3,Sensor Maceta 30cm,2,33,40,U.N.48-SM30CM-Humd.
34,2,61,rs485-ls-61,1,Sensor Maceta 10cm,2,35,42,U.N.61-SM10CM-Humd.
34,2,61,rs485-ls-61,3,Sensor Maceta 30cm,2,33,40,U.N.61-SM30CM-Humd.
37,2,64,rs485-ls-64,1,Sensor Maceta 10cm,2,35,42,U.N.64-SM10CM-Humd.
37,2,64,rs485-ls-64,3,Sensor Maceta 30cm,2,33,40,U.N.64-SM30CM-Humd.
72,2,80,rs485-ls-80,1,Sensor Maceta 10cm,2,35,42,U.N.80-SM10CM-Humd.
72,2,80,rs485-ls-80,3,Sensor Maceta 30cm,2,33,40,U.N.80-SM30CM-Humd.
163,2,192,rs485-ls-192,1,Sensor Maceta 10cm,2,35,42,U.N.192-SM10CM-Humd.
163,2,192,rs485-ls-192,3,Sensor Maceta 30cm,2,33,40,U.N.192-SM30CM-Humd.
146,2,26,rs485-ls-26,1,Sensor Maceta 10cm,2,35,42,U.N.26-SM10CM-Humd.
146,2,26,rs485-ls-26,3,Sensor Maceta 30cm,2,33,40,U.N.26-SM30CM-Humd.
148,2,75,rs485-ls-75,1,Sensor Maceta 10cm,2,35,42,U.N.75-SM10CM-Humd.
148,2,75,rs485-ls-75,3,Sensor Maceta 30cm,2,33,40,U.N.75-SM30CM-Humd.
161,2,190,rs485-ls-190,1,Sensor Maceta 10cm,2,35,42,U.N.190-SM10CM-Humd.
161,2,190,rs485-ls-190,3,Sensor Maceta 30cm,2,33,40,U.N.190-SM30CM-Humd.
149,2,76,rs485-ls-76,1,Sensor Maceta 10cm,2,35,42,U.N.76-SM10CM-Humd.
149,2,76,rs485-ls-76,3,Sensor Maceta 30cm,2,33,40,U.N.76-SM30CM-Humd.
144,2,59,rs485-ls-59,1,Sensor Maceta 10cm,2,35,42,U.N.59-SM10CM-Humd.
144,2,59,rs485-ls-59,3,Sensor Maceta 30cm,2,33,40,U.N.59-SM30CM-Humd.
145,2,25,rs485-ls-25,1,Sensor Maceta 10cm,2,35,42,U.N.25-SM10CM-Humd.
145,2,25,rs485-ls-25,3,Sensor Maceta 30cm,2,33,40,U.N.25-SM30CM-Humd.
141,2,56,rs485-ls-56,1,Sensor Maceta 10cm,2,30,38,U.N.56-SM10CM-Humd.
141,2,56,rs485-ls-56,3,Sensor Maceta 30cm,2,27,35,U.N.56-SM30CM-Humd.
147,2,28,rs485-ls-28,1,Sensor Maceta 10cm,2,30,38,U.N.28-SM10CM-Humd.
147,2,28,rs485-ls-28,3,Sensor Maceta 30cm,2,27,35,U.N.28-SM30CM-Humd.
152,2,79,rs485-ls-79,1,Sensor Maceta 10cm,2,30,38,U.N.79-SM10CM-Humd.
152,2,79,rs485-ls-79,3,Sensor Maceta 30cm,2,27,35,U.N.79-SM30CM-Humd.
164,2,193,rs485-ls-193,1,Sensor Maceta 10cm,2,30,38,U.N.193-SM10CM-Humd.
164,2,193,rs485-ls-193,3,Sensor Maceta 30cm,2,27,35,U.N.193-SM30CM-Humd.
142,2,57,rs485-ls-57,1,Sensor Maceta 10cm,2,30,38,U.N.57-SM10CM-Humd.
142,2,57,rs485-ls-57,3,Sensor Maceta 30cm,2,27,35,U.N.57-SM30CM-Humd.
151,2,78,rs485-ls-78,1,Sensor Maceta 10cm,2,30,38,U.N.78-SM10CM-Humd.
151,2,78,rs485-ls-78,3,Sensor Maceta 30cm,2,27,35,U.N.78-SM30CM-Humd.
150,2,77,rs485-ls-77,1,Sensor Maceta 10cm,2,30,38,U.N.77-SM10CM-Humd.
150,2,77,rs485-ls-77,3,Sensor Maceta 30cm,2,27,35,U.N.77-SM30CM-Humd.
143,2,27,rs485-ls-27,1,Sensor Maceta 10cm,2,30,38,U.N.27-SM10CM-Humd.
143,2,27,rs485-ls-27,3,Sensor Maceta 30cm,2,27,35,U.N.27-SM30CM-Humd.
143,2,58,rs485-ls-58,1,Sensor Maceta 10cm,2,30,38,U.N.58-SM10CM-Humd.
143,2,58,rs485-ls-58,3,Sensor Maceta 30cm,2,27,35,U.N.58-SM30CM-Humd.
162,2,191,rs485-ls-191,1,Sensor Maceta 10cm,2,35,42,U.N.191-SM10CM-Humd.
162,2,191,rs485-ls-191,3,Sensor Maceta 30cm,2,33,40,U.N.191-SM30CM-Humd.
160,2,189,rs485-ls-189,1,Sensor Maceta 10cm,2,30,38,U.N.189-SM10CM-Humd.
160,2,189,rs485-ls-189,3,Sensor Maceta 30cm,2,27,35,U.N.189-SM30CM-Humd.
20,2,94,rs485-ls-94,4,Sensor Suelo 20cm,2,14,30,U.N.94-SM20CM-Humd.
20,2,94,rs485-ls-94,5,Sensor Suelo 40cm,2,14,30,U.N.94-SM40CM-Humd.
20,2,94,rs485-ls-94,6,Sensor Suelo 60cm,2,14,30,U.N.94-SM60CM-Humd.
20,2,96,rs485-ls-96,4,Sensor Suelo 20cm,2,14,30,U.N.96-SM20CM-Humd.
20,2,96,rs485-ls-96,5,Sensor Suelo 40cm,2,14,30,U.N.96-SM40CM-Humd.
20,2,96,rs485-ls-96,6,Sensor Suelo 60cm,2,14,30,U.N.96-SM60CM-Humd.
17,2,91,rs485-ls-91,4,Sensor Suelo 20cm,2,15,30,U.N.91-SM20CM-Humd.
17,2,91,rs485-ls-91,5,Sensor Suelo 40cm,2,15,30,U.N.91-SM40CM-Humd.
17,2,91,rs485-ls-91,6,Sensor Suelo 60cm,2,15,30,U.N.91-SM60CM-Humd.
18,2,92,rs485-ls-92,4,Sensor Suelo 20cm,2,15,30,U.N.92-SM20CM-Humd.
18,2,92,rs485-ls-92,5,Sensor Suelo 40cm,2,15,30,U.N.92-SM40CM-Humd.
18,2,92,rs485-ls-92,6,Sensor Suelo 60cm,2,15,30,U.N.92-SM60CM-Humd.
19,2,93,rs485-ls-93,4,Sensor Suelo 20cm,2,15,30,U.N.93-SM20CM-Humd.
19,2,93,rs485-ls-93,5,Sensor Suelo 40cm,2,15,30,U.N.93-SM40CM-Humd.
19,2,93,rs485-ls-93,6,Sensor Suelo 60cm,2,15,30,U.N.93-SM60CM-Humd.
13,2,70,rs485-ls-70,1,Sensor Maceta 10cm,2,40,45,U.N.70-SM10CM-Humd.
13,2,70,rs485-ls-70,3,Sensor Maceta 30cm,2,39,42,U.N.70-SM30CM-Humd.
6,2,17,rs485-ls-17,1,Sensor Maceta 10cm,2,40,45,U.N.17-SM10CM-Humd.
6,2,17,rs485-ls-17,3,Sensor Maceta 30cm,2,39,42,U.N.17-SM30CM-Humd.
12,2,69,rs485-ls-69,1,Sensor Maceta 10cm,2,40,45,U.N.69-SM10CM-Humd.
12,2,69,rs485-ls-69,3,Sensor Maceta 30cm,2,39,42,U.N.69-SM30CM-Humd.
11,2,68,rs485-ls-68,1,Sensor Maceta 10cm,2,40,45,U.N.68-SM10CM-Humd.
11,2,68,rs485-ls-68,3,Sensor Maceta 30cm,2,39,42,U.N.68-SM30CM-Humd.
9,2,66,rs485-ls-66,1,Sensor Maceta 10cm,2,40,45,U.N.66-SM10CM-Humd.
9,2,66,rs485-ls-66,3,Sensor Maceta 30cm,2,39,42,U.N.66-SM30CM-Humd.
15,2,72,rs485-ls-72,1,Sensor Maceta 10cm,2,40,45,U.N.72-SM10CM-Humd.
15,2,72,rs485-ls-72,3,Sensor Maceta 30cm,2,39,42,U.N.72-SM30CM-Humd.
14,2,71,rs485-ls-71,1,Sensor Maceta 10cm,2,40,45,U.N.71-SM10CM-Humd.
14,2,71,rs485-ls-71,3,Sensor Maceta 30cm,2,39,42,U.N.71-SM30CM-Humd.
7,2,29,rs485-ls-29,1,Sensor Maceta 10cm,2,40,45,U.N.29-SM10CM-Humd.
7,2,29,rs485-ls-29,3,Sensor Maceta 30cm,2,39,42,U.N.29-SM30CM-Humd.
8,2,65,rs485-ls-65,1,Sensor Maceta 10cm,2,40,45,U.N.65-SM10CM-Humd.
8,2,65,rs485-ls-65,3,Sensor Maceta 30cm,2,39,42,U.N.65-SM30CM-Humd.
16,2,73,rs485-ls-73,1,Sensor Maceta 10cm,2,40,45,U.N.73-SM10CM-Humd.
16,2,73,rs485-ls-73,3,Sensor Maceta 30cm,2,39,42,U.N.73-SM30CM-Humd.
10,2,67,rs485-ls-67,1,Sensor Maceta 10cm,2,40,45,U.N.67-SM10CM-Humd.
10,2,67,rs485-ls-67,3,Sensor Maceta 30cm,2,39,42,U.N.67-SM30CM-Humd.
22,2,97,rs485-ls-97,4,Sensor Suelo 20cm,2,14,30,U.N.97-SM20CM-Humd.
22,2,97,rs485-ls-97,5,Sensor Suelo 40cm,2,14,30,U.N.97-SM40CM-Humd.
22,2,97,rs485-ls-97,6,Sensor Suelo 60cm,2,14,30,U.N.97-SM60CM-Humd.
21,2,95,rs485-ls-95,4,Sensor Suelo 20cm,2,14,30,U.N.95-SM20CM-Humd.
21,2,95,rs485-ls-95,5,Sensor Suelo 40cm,2,14,30,U.N.95-SM40CM-Humd.
21,2,95,rs485-ls-95,6,Sensor Suelo 60cm,2,14,30,U.N.95-SM60CM-Humd.
68,1,50,rs485-ls-50,1,Sensor Maceta 10cm,1,18,28,U.N.50-SM10CM-Temp.
68,1,50,rs485-ls-50,3,Sensor Maceta 30cm,1,18,28,U.N.50-SM30CM-Temp.
89,1,53,rs485-ls-53,1,Sensor Maceta 10cm,1,18,28,U.N.53-SM10CM-Temp.
89,1,53,rs485-ls-53,3,Sensor Maceta 30cm,1,18,28,U.N.53-SM30CM-Temp.
88,1,51,rs485-ls-51,1,Sensor Maceta 10cm,1,18,28,U.N.51-SM10CM-Temp.
88,1,51,rs485-ls-51,3,Sensor Maceta 30cm,1,18,28,U.N.51-SM30CM-Temp.
71,1,55,rs485-ls-55,1,Sensor Maceta 10cm,1,18,28,U.N.55-SM10CM-Temp.
71,1,55,rs485-ls-55,3,Sensor Maceta 30cm,1,18,28,U.N.55-SM30CM-Temp.
70,1,54,rs485-ls-54,1,Sensor Maceta 10cm,1,18,28,U.N.54-SM10CM-Temp.
70,1,54,rs485-ls-54,3,Sensor Maceta 30cm,1,18,28,U.N.54-SM30CM-Temp.
69,1,52,rs485-ls-52,1,Sensor Maceta 10cm,1,18,28,U.N.52-SM10CM-Temp.
69,1,52,rs485-ls-52,3,Sensor Maceta 30cm,1,18,28,U.N.52-SM30CM-Temp.
81,1,98,rs485-ls-98,4,Sensor Suelo 20cm,1,13,29,U.N.98-SM20CM-Temp.
81,1,98,rs485-ls-98,5,Sensor Suelo 40cm,1,13,29,U.N.98-SM40CM-Temp.
81,1,98,rs485-ls-98,6,Sensor Suelo 60cm,1,13,29,U.N.98-SM60CM-Temp.
82,1,99,rs485-ls-99,4,Sensor Suelo 20cm,1,13,29,U.N.99-SM20CM-Temp.
82,1,99,rs485-ls-99,5,Sensor Suelo 40cm,1,13,29,U.N.99-SM40CM-Temp.
82,1,99,rs485-ls-99,6,Sensor Suelo 60cm,1,13,29,U.N.99-SM60CM-Temp.
83,1,100,rs485-ls-100,4,Sensor Suelo 20cm,1,13,29,U.N.100-SM20CM-Temp.
83,1,100,rs485-ls-100,5,Sensor Suelo 40cm,1,13,29,U.N.100-SM40CM-Temp.
83,1,100,rs485-ls-100,6,Sensor Suelo 60cm,1,13,29,U.N.100-SM60CM-Temp.
84,1,101,rs485-ls-101,4,Sensor Suelo 20cm,1,13,29,U.N.101-SM20CM-Temp.
84,1,101,rs485-ls-101,5,Sensor Suelo 40cm,1,13,29,U.N.101-SM40CM-Temp.
84,1,101,rs485-ls-101,6,Sensor Suelo 60cm,1,13,29,U.N.101-SM60CM-Temp.
87,1,104,rs485-ls-104,4,Sensor Suelo 20cm,1,13,29,U.N.104-SM20CM-Temp.
87,1,104,rs485-ls-104,5,Sensor Suelo 40cm,1,13,29,U.N.104-SM40CM-Temp.
87,1,104,rs485-ls-104,6,Sensor Suelo 60cm,1,13,29,U.N.104-SM60CM-Temp.
86,1,103,rs485-ls-103,4,Sensor Suelo 20cm,1,13,29,U.N.103-SM20CM-Temp.
86,1,103,rs485-ls-103,5,Sensor Suelo 40cm,1,13,29,U.N.103-SM40CM-Temp.
86,1,103,rs485-ls-103,6,Sensor Suelo 60cm,1,13,29,U.N.103-SM60CM-Temp.
85,1,102,rs485-ls-102,4,Sensor Suelo 20cm,1,13,29,U.N.102-SM20CM-Temp.
85,1,102,rs485-ls-102,5,Sensor Suelo 40cm,1,13,29,U.N.102-SM40CM-Temp.
85,1,102,rs485-ls-102,6,Sensor Suelo 60cm,1,13,29,U.N.102-SM60CM-Temp.
91,1,106,rs485-ls-106,4,Sensor Suelo 20cm,1,13,29,U.N.106-SM20CM-Temp.
91,1,106,rs485-ls-106,5,Sensor Suelo 40cm,1,13,29,U.N.106-SM40CM-Temp.
91,1,106,rs485-ls-106,6,Sensor Suelo 60cm,1,13,29,U.N.106-SM60CM-Temp.
96,1,111,rs485-ls-111,4,Sensor Suelo 20cm,1,13,29,U.N.111-SM20CM-Temp.
96,1,111,rs485-ls-111,5,Sensor Suelo 40cm,1,13,29,U.N.111-SM40CM-Temp.
96,1,111,rs485-ls-111,6,Sensor Suelo 60cm,1,13,29,U.N.111-SM60CM-Temp.
92,1,107,rs485-ls-107,4,Sensor Suelo 20cm,1,13,29,U.N.107-SM20CM-Temp.
92,1,107,rs485-ls-107,5,Sensor Suelo 40cm,1,13,29,U.N.107-SM40CM-Temp.
92,1,107,rs485-ls-107,6,Sensor Suelo 60cm,1,13,29,U.N.107-SM60CM-Temp.
94,1,109,rs485-ls-109,4,Sensor Suelo 20cm,1,13,29,U.N.109-SM20CM-Temp.
94,1,109,rs485-ls-109,5,Sensor Suelo 40cm,1,13,29,U.N.109-SM40CM-Temp.
94,1,109,rs485-ls-109,6,Sensor Suelo 60cm,1,13,29,U.N.109-SM60CM-Temp.
98,1,113,rs485-ls-113,4,Sensor Suelo 20cm,1,13,29,U.N.113-SM20CM-Temp.
98,1,113,rs485-ls-113,5,Sensor Suelo 40cm,1,13,29,U.N.113-SM40CM-Temp.
98,1,113,rs485-ls-113,6,Sensor Suelo 60cm,1,13,29,U.N.113-SM60CM-Temp.
99,1,114,rs485-ls-114,4,Sensor Suelo 20cm,1,13,29,U.N.114-SM20CM-Temp.
99,1,114,rs485-ls-114,5,Sensor Suelo 40cm,1,13,29,U.N.114-SM40CM-Temp.
99,1,114,rs485-ls-114,6,Sensor Suelo 60cm,1,13,29,U.N.114-SM60CM-Temp.
90,1,105,rs485-ls-105,4,Sensor Suelo 20cm,1,13,29,U.N.105-SM20CM-Temp.
90,1,105,rs485-ls-105,5,Sensor Suelo 40cm,1,13,29,U.N.105-SM40CM-Temp.
90,1,105,rs485-ls-105,6,Sensor Suelo 60cm,1,13,29,U.N.105-SM60CM-Temp.
93,1,108,rs485-ls-108,4,Sensor Suelo 20cm,1,13,29,U.N.108-SM20CM-Temp.
93,1,108,rs485-ls-108,5,Sensor Suelo 40cm,1,13,29,U.N.108-SM40CM-Temp.
93,1,108,rs485-ls-108,6,Sensor Suelo 60cm,1,13,29,U.N.108-SM60CM-Temp.
97,1,112,rs485-ls-112,4,Sensor Suelo 20cm,1,13,29,U.N.112-SM20CM-Temp.
97,1,112,rs485-ls-112,5,Sensor Suelo 40cm,1,13,29,U.N.112-SM40CM-Temp.
97,1,112,rs485-ls-112,6,Sensor Suelo 60cm,1,13,29,U.N.112-SM60CM-Temp.
95,1,110,rs485-ls-110,4,Sensor Suelo 20cm,1,13,29,U.N.110-SM20CM-Temp.
95,1,110,rs485-ls-110,5,Sensor Suelo 40cm,1,13,29,U.N.110-SM40CM-Temp.
95,1,110,rs485-ls-110,6,Sensor Suelo 60cm,1,13,29,U.N.110-SM60CM-Temp.
101,1,116,rs485-ls-116,4,Sensor Suelo 20cm,1,13,29,U.N.116-SM20CM-Temp.
101,1,116,rs485-ls-116,5,Sensor Suelo 40cm,1,13,29,U.N.116-SM40CM-Temp.
101,1,116,rs485-ls-116,6,Sensor Suelo 60cm,1,13,29,U.N.116-SM60CM-Temp.
156,1,153,rs485-ls-153,4,Sensor Suelo 20cm,1,13,29,U.N.153-SM20CM-Temp.
156,1,153,rs485-ls-153,5,Sensor Suelo 40cm,1,13,29,U.N.153-SM40CM-Temp.
156,1,153,rs485-ls-153,6,Sensor Suelo 60cm,1,13,29,U.N.153-SM60CM-Temp.
158,1,155,rs485-ls-155,4,Sensor Suelo 20cm,1,13,29,U.N.155-SM20CM-Temp.
158,1,155,rs485-ls-155,5,Sensor Suelo 40cm,1,13,29,U.N.155-SM40CM-Temp.
158,1,155,rs485-ls-155,6,Sensor Suelo 60cm,1,13,29,U.N.155-SM60CM-Temp.
155,1,152,rs485-ls-152,4,Sensor Suelo 20cm,1,13,29,U.N.152-SM20CM-Temp.
155,1,152,rs485-ls-152,5,Sensor Suelo 40cm,1,13,29,U.N.152-SM40CM-Temp.
155,1,152,rs485-ls-152,6,Sensor Suelo 60cm,1,13,29,U.N.152-SM60CM-Temp.
154,1,150,rs485-ls-150,4,Sensor Suelo 20cm,1,13,29,U.N.150-SM20CM-Temp.
154,1,150,rs485-ls-150,5,Sensor Suelo 40cm,1,13,29,U.N.150-SM40CM-Temp.
154,1,150,rs485-ls-150,6,Sensor Suelo 60cm,1,13,29,U.N.150-SM60CM-Temp.
140,1,167,rs485-ls-167,4,Sensor Suelo 20cm,1,13,29,U.N.167-SM20CM-Temp.
140,1,167,rs485-ls-167,5,Sensor Suelo 40cm,1,13,29,U.N.167-SM40CM-Temp.
140,1,167,rs485-ls-167,6,Sensor Suelo 60cm,1,13,29,U.N.167-SM60CM-Temp.
102,1,117,rs485-ls-117,4,Sensor Suelo 20cm,1,13,29,U.N.117-SM20CM-Temp.
102,1,117,rs485-ls-117,5,Sensor Suelo 40cm,1,13,29,U.N.117-SM40CM-Temp.
102,1,117,rs485-ls-117,6,Sensor Suelo 60cm,1,13,29,U.N.117-SM60CM-Temp.
106,1,121,rs485-ls-121,4,Sensor Suelo 20cm,1,13,29,U.N.121-SM20CM-Temp.
106,1,121,rs485-ls-121,5,Sensor Suelo 40cm,1,13,29,U.N.121-SM40CM-Temp.
106,1,121,rs485-ls-121,6,Sensor Suelo 60cm,1,13,29,U.N.121-SM60CM-Temp.
100,1,115,rs485-ls-115,4,Sensor Suelo 20cm,1,13,29,U.N.115-SM20CM-Temp.
100,1,115,rs485-ls-115,5,Sensor Suelo 40cm,1,13,29,U.N.115-SM40CM-Temp.
100,1,115,rs485-ls-115,6,Sensor Suelo 60cm,1,13,29,U.N.115-SM60CM-Temp.
103,1,118,rs485-ls-118,4,Sensor Suelo 20cm,1,13,29,U.N.118-SM20CM-Temp.
103,1,118,rs485-ls-118,5,Sensor Suelo 40cm,1,13,29,U.N.118-SM40CM-Temp.
103,1,118,rs485-ls-118,6,Sensor Suelo 60cm,1,13,29,U.N.118-SM60CM-Temp.
104,1,119,rs485-ls-119,4,Sensor Suelo 20cm,1,13,29,U.N.119-SM20CM-Temp.
104,1,119,rs485-ls-119,5,Sensor Suelo 40cm,1,13,29,U.N.119-SM40CM-Temp.
104,1,119,rs485-ls-119,6,Sensor Suelo 60cm,1,13,29,U.N.119-SM60CM-Temp.
134,1,151,rs485-ls-151,4,Sensor Suelo 20cm,1,13,29,U.N.151-SM20CM-Temp.
134,1,151,rs485-ls-151,5,Sensor Suelo 40cm,1,13,29,U.N.151-SM40CM-Temp.
134,1,151,rs485-ls-151,6,Sensor Suelo 60cm,1,13,29,U.N.151-SM60CM-Temp.
132,1,148,rs485-ls-148,4,Sensor Suelo 20cm,1,13,29,U.N.148-SM20CM-Temp.
132,1,148,rs485-ls-148,5,Sensor Suelo 40cm,1,13,29,U.N.148-SM40CM-Temp.
132,1,148,rs485-ls-148,6,Sensor Suelo 60cm,1,13,29,U.N.148-SM60CM-Temp.
125,1,140,rs485-ls-140,4,Sensor Suelo 20cm,1,13,29,U.N.140-SM20CM-Temp.
125,1,140,rs485-ls-140,5,Sensor Suelo 40cm,1,13,29,U.N.140-SM40CM-Temp.
125,1,140,rs485-ls-140,6,Sensor Suelo 60cm,1,13,29,U.N.140-SM60CM-Temp.
133,1,149,rs485-ls-149,4,Sensor Suelo 20cm,1,13,29,U.N.149-SM20CM-Temp.
133,1,149,rs485-ls-149,5,Sensor Suelo 40cm,1,13,29,U.N.149-SM40CM-Temp.
133,1,149,rs485-ls-149,6,Sensor Suelo 60cm,1,13,29,U.N.149-SM60CM-Temp.
130,1,145,rs485-ls-145,4,Sensor Suelo 20cm,1,13,29,U.N.145-SM20CM-Temp.
130,1,145,rs485-ls-145,5,Sensor Suelo 40cm,1,13,29,U.N.145-SM40CM-Temp.
130,1,145,rs485-ls-145,6,Sensor Suelo 60cm,1,13,29,U.N.145-SM60CM-Temp.
129,1,144,rs485-ls-144,4,Sensor Suelo 20cm,1,13,29,U.N.144-SM20CM-Temp.
129,1,144,rs485-ls-144,5,Sensor Suelo 40cm,1,13,29,U.N.144-SM40CM-Temp.
129,1,144,rs485-ls-144,6,Sensor Suelo 60cm,1,13,29,U.N.144-SM60CM-Temp.
128,1,143,rs485-ls-143,4,Sensor Suelo 20cm,1,13,29,U.N.143-SM20CM-Temp.
128,1,143,rs485-ls-143,5,Sensor Suelo 40cm,1,13,29,U.N.143-SM40CM-Temp.
128,1,143,rs485-ls-143,6,Sensor Suelo 60cm,1,13,29,U.N.143-SM60CM-Temp.
166,1,90,rs485-ls-90,4,Sensor Suelo 20cm,1,13,29,U.N.90-SM20CM-Temp.
166,1,90,rs485-ls-90,5,Sensor Suelo 40cm,1,13,29,U.N.90-SM40CM-Temp.
166,1,90,rs485-ls-90,6,Sensor Suelo 60cm,1,13,29,U.N.90-SM60CM-Temp.
159,1,156,rs485-ls-156,4,Sensor Suelo 20cm,1,13,29,U.N.156-SM20CM-Temp.
159,1,156,rs485-ls-156,5,Sensor Suelo 40cm,1,13,29,U.N.156-SM40CM-Temp.
159,1,156,rs485-ls-156,6,Sensor Suelo 60cm,1,13,29,U.N.156-SM60CM-Temp.
127,1,142,rs485-ls-142,4,Sensor Suelo 20cm,1,13,29,U.N.142-SM20CM-Temp.
127,1,142,rs485-ls-142,5,Sensor Suelo 40cm,1,13,29,U.N.142-SM40CM-Temp.
127,1,142,rs485-ls-142,6,Sensor Suelo 60cm,1,13,29,U.N.142-SM60CM-Temp.
131,1,146,rs485-ls-146,4,Sensor Suelo 20cm,1,13,29,U.N.146-SM20CM-Temp.
131,1,146,rs485-ls-146,5,Sensor Suelo 40cm,1,13,29,U.N.146-SM40CM-Temp.
131,1,146,rs485-ls-146,6,Sensor Suelo 60cm,1,13,29,U.N.146-SM60CM-Temp.
107,1,122,rs485-ls-122,4,Sensor Suelo 20cm,1,13,29,U.N.122-SM20CM-Temp.
107,1,122,rs485-ls-122,5,Sensor Suelo 40cm,1,13,29,U.N.122-SM40CM-Temp.
107,1,122,rs485-ls-122,6,Sensor Suelo 60cm,1,13,29,U.N.122-SM60CM-Temp.
108,1,123,rs485-ls-123,4,Sensor Suelo 20cm,1,13,29,U.N.123-SM20CM-Temp.
108,1,123,rs485-ls-123,5,Sensor Suelo 40cm,1,13,29,U.N.123-SM40CM-Temp.
108,1,123,rs485-ls-123,6,Sensor Suelo 60cm,1,13,29,U.N.123-SM60CM-Temp.
153,1,147,rs485-ls-147,4,Sensor Suelo 20cm,1,13,29,U.N.147-SM20CM-Temp.
153,1,147,rs485-ls-147,5,Sensor Suelo 40cm,1,13,29,U.N.147-SM40CM-Temp.
153,1,147,rs485-ls-147,6,Sensor Suelo 60cm,1,13,29,U.N.147-SM60CM-Temp.
165,1,89,rs485-ls-89,4,Sensor Suelo 20cm,1,13,29,U.N.89-SM20CM-Temp.
165,1,89,rs485-ls-89,5,Sensor Suelo 40cm,1,13,29,U.N.89-SM40CM-Temp.
165,1,89,rs485-ls-89,6,Sensor Suelo 60cm,1,13,29,U.N.89-SM60CM-Temp.
167,1,157,rs485-ls-157,4,Sensor Suelo 20cm,1,13,29,U.N.157-SM20CM-Temp.
167,1,157,rs485-ls-157,5,Sensor Suelo 40cm,1,13,29,U.N.157-SM40CM-Temp.
167,1,157,rs485-ls-157,6,Sensor Suelo 60cm,1,13,29,U.N.157-SM60CM-Temp.
157,1,154,rs485-ls-154,4,Sensor Suelo 20cm,1,13,29,U.N.154-SM20CM-Temp.
157,1,154,rs485-ls-154,5,Sensor Suelo 40cm,1,13,29,U.N.154-SM40CM-Temp.
157,1,154,rs485-ls-154,6,Sensor Suelo 60cm,1,13,29,U.N.154-SM60CM-Temp.
124,1,137,rs485-ls-137,4,Sensor Suelo 20cm,1,13,29,U.N.137-SM20CM-Temp.
124,1,137,rs485-ls-137,5,Sensor Suelo 40cm,1,13,29,U.N.137-SM40CM-Temp.
124,1,137,rs485-ls-137,6,Sensor Suelo 60cm,1,13,29,U.N.137-SM60CM-Temp.
126,1,141,rs485-ls-141,4,Sensor Suelo 20cm,1,13,29,U.N.141-SM20CM-Temp.
126,1,141,rs485-ls-141,5,Sensor Suelo 40cm,1,13,29,U.N.141-SM40CM-Temp.
126,1,141,rs485-ls-141,6,Sensor Suelo 60cm,1,13,29,U.N.141-SM60CM-Temp.
135,1,160,rs485-ls-160,4,Sensor Suelo 20cm,1,13,29,U.N.160-SM20CM-Temp.
135,1,160,rs485-ls-160,5,Sensor Suelo 40cm,1,13,29,U.N.160-SM40CM-Temp.
135,1,160,rs485-ls-160,6,Sensor Suelo 60cm,1,13,29,U.N.160-SM60CM-Temp.
136,1,161,rs485-ls-161,4,Sensor Suelo 20cm,1,13,29,U.N.161-SM20CM-Temp.
136,1,161,rs485-ls-161,5,Sensor Suelo 40cm,1,13,29,U.N.161-SM40CM-Temp.
136,1,161,rs485-ls-161,6,Sensor Suelo 60cm,1,13,29,U.N.161-SM60CM-Temp.
138,1,163,rs485-ls-163,4,Sensor Suelo 20cm,1,13,29,U.N.163-SM20CM-Temp.
138,1,163,rs485-ls-163,5,Sensor Suelo 40cm,1,13,29,U.N.163-SM40CM-Temp.
138,1,163,rs485-ls-163,6,Sensor Suelo 60cm,1,13,29,U.N.163-SM60CM-Temp.
139,1,164,rs485-ls-164,4,Sensor Suelo 20cm,1,13,29,U.N.164-SM20CM-Temp.
139,1,164,rs485-ls-164,5,Sensor Suelo 40cm,1,13,29,U.N.164-SM40CM-Temp.
139,1,164,rs485-ls-164,6,Sensor Suelo 60cm,1,13,29,U.N.164-SM60CM-Temp.
137,1,162,rs485-ls-162,4,Sensor Suelo 20cm,1,13,29,U.N.162-SM20CM-Temp.
137,1,162,rs485-ls-162,5,Sensor Suelo 40cm,1,13,29,U.N.162-SM40CM-Temp.
137,1,162,rs485-ls-162,6,Sensor Suelo 60cm,1,13,29,U.N.162-SM60CM-Temp.
118,1,133,rs485-ls-133,4,Sensor Suelo 20cm,1,13,29,U.N.133-SM20CM-Temp.
118,1,133,rs485-ls-133,5,Sensor Suelo 40cm,1,13,29,U.N.133-SM40CM-Temp.
118,1,133,rs485-ls-133,6,Sensor Suelo 60cm,1,13,29,U.N.133-SM60CM-Temp.
120,1,135,rs485-ls-135,4,Sensor Suelo 20cm,1,13,29,U.N.135-SM20CM-Temp.
120,1,135,rs485-ls-135,5,Sensor Suelo 40cm,1,13,29,U.N.135-SM40CM-Temp.
120,1,135,rs485-ls-135,6,Sensor Suelo 60cm,1,13,29,U.N.135-SM60CM-Temp.
117,1,132,rs485-ls-132,4,Sensor Suelo 20cm,1,13,29,U.N.132-SM20CM-Temp.
117,1,132,rs485-ls-132,5,Sensor Suelo 40cm,1,13,29,U.N.132-SM40CM-Temp.
117,1,132,rs485-ls-132,6,Sensor Suelo 60cm,1,13,29,U.N.132-SM60CM-Temp.
123,1,139,rs485-ls-139,4,Sensor Suelo 20cm,1,13,29,U.N.139-SM20CM-Temp.
123,1,139,rs485-ls-139,5,Sensor Suelo 40cm,1,13,29,U.N.139-SM40CM-Temp.
123,1,139,rs485-ls-139,6,Sensor Suelo 60cm,1,13,29,U.N.139-SM60CM-Temp.
122,1,138,rs485-ls-138,4,Sensor Suelo 20cm,1,13,29,U.N.138-SM20CM-Temp.
122,1,138,rs485-ls-138,5,Sensor Suelo 40cm,1,13,29,U.N.138-SM40CM-Temp.
122,1,138,rs485-ls-138,6,Sensor Suelo 60cm,1,13,29,U.N.138-SM60CM-Temp.
121,1,136,rs485-ls-136,4,Sensor Suelo 20cm,1,13,29,U.N.136-SM20CM-Temp.
121,1,136,rs485-ls-136,5,Sensor Suelo 40cm,1,13,29,U.N.136-SM40CM-Temp.
121,1,136,rs485-ls-136,6,Sensor Suelo 60cm,1,13,29,U.N.136-SM60CM-Temp.
113,1,128,rs485-ls-128,4,Sensor Suelo 20cm,1,13,29,U.N.128-SM20CM-Temp.
113,1,128,rs485-ls-128,5,Sensor Suelo 40cm,1,13,29,U.N.128-SM40CM-Temp.
113,1,128,rs485-ls-128,6,Sensor Suelo 60cm,1,13,29,U.N.128-SM60CM-Temp.
112,1,127,rs485-ls-127,4,Sensor Suelo 20cm,1,13,29,U.N.127-SM20CM-Temp.
112,1,127,rs485-ls-127,5,Sensor Suelo 40cm,1,13,29,U.N.127-SM40CM-Temp.
112,1,127,rs485-ls-127,6,Sensor Suelo 60cm,1,13,29,U.N.127-SM60CM-Temp.
114,1,129,rs485-ls-129,4,Sensor Suelo 20cm,1,13,29,U.N.129-SM20CM-Temp.
114,1,129,rs485-ls-129,5,Sensor Suelo 40cm,1,13,29,U.N.129-SM40CM-Temp.
114,1,129,rs485-ls-129,6,Sensor Suelo 60cm,1,13,29,U.N.129-SM60CM-Temp.
111,1,126,rs485-ls-126,4,Sensor Suelo 20cm,1,13,29,U.N.126-SM20CM-Temp.
111,1,126,rs485-ls-126,5,Sensor Suelo 40cm,1,13,29,U.N.126-SM40CM-Temp.
111,1,126,rs485-ls-126,6,Sensor Suelo 60cm,1,13,29,U.N.126-SM60CM-Temp.
105,1,120,rs485-ls-120,4,Sensor Suelo 20cm,1,13,29,U.N.120-SM20CM-Temp.
105,1,120,rs485-ls-120,5,Sensor Suelo 40cm,1,13,29,U.N.120-SM40CM-Temp.
105,1,120,rs485-ls-120,6,Sensor Suelo 60cm,1,13,29,U.N.120-SM60CM-Temp.
109,1,124,rs485-ls-124,4,Sensor Suelo 20cm,1,13,29,U.N.124-SM20CM-Temp.
109,1,124,rs485-ls-124,5,Sensor Suelo 40cm,1,13,29,U.N.124-SM40CM-Temp.
109,1,124,rs485-ls-124,6,Sensor Suelo 60cm,1,13,29,U.N.124-SM60CM-Temp.
110,1,125,rs485-ls-125,4,Sensor Suelo 20cm,1,13,29,U.N.125-SM20CM-Temp.
110,1,125,rs485-ls-125,5,Sensor Suelo 40cm,1,13,29,U.N.125-SM40CM-Temp.
110,1,125,rs485-ls-125,6,Sensor Suelo 60cm,1,13,29,U.N.125-SM60CM-Temp.
115,1,130,rs485-ls-130,4,Sensor Suelo 20cm,1,13,29,U.N.130-SM20CM-Temp.
115,1,130,rs485-ls-130,5,Sensor Suelo 40cm,1,13,29,U.N.130-SM40CM-Temp.
115,1,130,rs485-ls-130,6,Sensor Suelo 60cm,1,13,29,U.N.130-SM60CM-Temp.
116,1,131,rs485-ls-131,4,Sensor Suelo 20cm,1,13,29,U.N.131-SM20CM-Temp.
116,1,131,rs485-ls-131,5,Sensor Suelo 40cm,1,13,29,U.N.131-SM40CM-Temp.
116,1,131,rs485-ls-131,6,Sensor Suelo 60cm,1,13,29,U.N.131-SM60CM-Temp.
119,1,134,rs485-ls-134,4,Sensor Suelo 20cm,1,13,29,U.N.134-SM20CM-Temp.
119,1,134,rs485-ls-134,5,Sensor Suelo 40cm,1,13,29,U.N.134-SM40CM-Temp.
119,1,134,rs485-ls-134,6,Sensor Suelo 60cm,1,13,29,U.N.134-SM60CM-Temp.
172,1,168,rs485-ls-168,4,Sensor Suelo 20cm,1,13,29,U.N.168-SM20CM-Temp.
172,1,168,rs485-ls-168,5,Sensor Suelo 40cm,1,13,29,U.N.168-SM40CM-Temp.
172,1,168,rs485-ls-168,6,Sensor Suelo 60cm,1,13,29,U.N.168-SM60CM-Temp.
168,1,158,rs485-ls-158,4,Sensor Suelo 20cm,1,13,29,U.N.158-SM20CM-Temp.
168,1,158,rs485-ls-158,5,Sensor Suelo 40cm,1,13,29,U.N.158-SM40CM-Temp.
168,1,158,rs485-ls-158,6,Sensor Suelo 60cm,1,13,29,U.N.158-SM60CM-Temp.
175,1,171,rs485-ls-171,4,Sensor Suelo 20cm,1,13,29,U.N.171-SM20CM-Temp.
175,1,171,rs485-ls-171,5,Sensor Suelo 40cm,1,13,29,U.N.171-SM40CM-Temp.
175,1,171,rs485-ls-171,6,Sensor Suelo 60cm,1,13,29,U.N.171-SM60CM-Temp.
169,1,159,rs485-ls-159,4,Sensor Suelo 20cm,1,13,29,U.N.159-SM20CM-Temp.
169,1,159,rs485-ls-159,5,Sensor Suelo 40cm,1,13,29,U.N.159-SM40CM-Temp.
169,1,159,rs485-ls-159,6,Sensor Suelo 60cm,1,13,29,U.N.159-SM60CM-Temp.
176,1,172,rs485-ls-172,4,Sensor Suelo 20cm,1,13,29,U.N.172-SM20CM-Temp.
176,1,172,rs485-ls-172,5,Sensor Suelo 40cm,1,13,29,U.N.172-SM40CM-Temp.
176,1,172,rs485-ls-172,6,Sensor Suelo 60cm,1,13,29,U.N.172-SM60CM-Temp.
174,1,170,rs485-ls-170,4,Sensor Suelo 20cm,1,13,29,U.N.170-SM20CM-Temp.
174,1,170,rs485-ls-170,5,Sensor Suelo 40cm,1,13,29,U.N.170-SM40CM-Temp.
174,1,170,rs485-ls-170,6,Sensor Suelo 60cm,1,13,29,U.N.170-SM60CM-Temp.
177,1,173,rs485-ls-173,4,Sensor Suelo 20cm,1,13,29,U.N.173-SM20CM-Temp.
177,1,173,rs485-ls-173,5,Sensor Suelo 40cm,1,13,29,U.N.173-SM40CM-Temp.
177,1,173,rs485-ls-173,6,Sensor Suelo 60cm,1,13,29,U.N.173-SM60CM-Temp.
171,1,166,rs485-ls-166,4,Sensor Suelo 20cm,1,13,29,U.N.166-SM20CM-Temp.
171,1,166,rs485-ls-166,5,Sensor Suelo 40cm,1,13,29,U.N.166-SM40CM-Temp.
171,1,166,rs485-ls-166,6,Sensor Suelo 60cm,1,13,29,U.N.166-SM60CM-Temp.
178,1,174,rs485-ls-174,4,Sensor Suelo 20cm,1,13,29,U.N.174-SM20CM-Temp.
178,1,174,rs485-ls-174,5,Sensor Suelo 40cm,1,13,29,U.N.174-SM40CM-Temp.
178,1,174,rs485-ls-174,6,Sensor Suelo 60cm,1,13,29,U.N.174-SM60CM-Temp.
173,1,169,rs485-ls-169,4,Sensor Suelo 20cm,1,13,29,U.N.169-SM20CM-Temp.
173,1,169,rs485-ls-169,5,Sensor Suelo 40cm,1,13,29,U.N.169-SM40CM-Temp.
173,1,169,rs485-ls-169,6,Sensor Suelo 60cm,1,13,29,U.N.169-SM60CM-Temp.
170,1,165,rs485-ls-165,4,Sensor Suelo 20cm,1,13,29,U.N.165-SM20CM-Temp.
170,1,165,rs485-ls-165,5,Sensor Suelo 40cm,1,13,29,U.N.165-SM40CM-Temp.
170,1,165,rs485-ls-165,6,Sensor Suelo 60cm,1,13,29,U.N.165-SM60CM-Temp.
31,1,38,rs485-ls-38,1,Sensor Maceta 10cm,1,18,28,U.N.38-SM10CM-Temp.
31,1,38,rs485-ls-38,3,Sensor Maceta 30cm,1,18,28,U.N.38-SM30CM-Temp.
4,1,7,rs485-ls-7,1,Sensor Maceta 10cm,1,18,28,U.N.7-SM10CM-Temp.
4,1,7,rs485-ls-7,3,Sensor Maceta 30cm,1,18,28,U.N.7-SM30CM-Temp.
3,1,6,rs485-ls-5,1,Sensor Maceta 10cm,1,18,28,U.N.5-SM10CM-Temp.
3,1,6,rs485-ls-5,3,Sensor Maceta 30cm,1,18,28,U.N.5-SM30CM-Temp.
2,1,2,rs485-ls-2,1,Sensor Maceta 10cm,1,18,28,U.N.2-SM10CM-Temp.
2,1,2,rs485-ls-2,2,Sensor Maceta 20cm,1,18,28,U.N.2-SM20CM-Temp.
2,1,2,rs485-ls-2,3,Sensor Maceta 30cm,1,18,28,U.N.2-SM30CM-Temp.
1,1,1,rs485-ls-1,1,Sensor Maceta 10cm,1,18,28,U.N.1-SM10CM-Temp.
1,1,1,rs485-ls-1,2,Sensor Maceta 20cm,1,18,28,U.N.1-SM20CM-Temp.
1,1,1,rs485-ls-1,3,Sensor Maceta 30cm,1,18,28,U.N.1-SM30CM-Temp.
187,1,256,Nodo Prueba 1,1,Sensor Maceta 10cm,1,18,28,U.N.1-SM10CM-Temp.
187,1,256,Nodo Prueba 1,2,Sensor Maceta 20cm,1,18,28,U.N.1-SM20CM-Temp.
187,1,256,Nodo Prueba 1,3,Sensor Maceta 30cm,1,18,28,U.N.1-SM30CM-Temp.
76,1,84,rs485-ls-84,1,Sensor Maceta 10cm,1,18,28,U.N.84-SM10CM-Temp.
76,1,84,rs485-ls-84,3,Sensor Maceta 30cm,1,18,28,U.N.84-SM30CM-Temp.
51,1,16,rs485-ls-16,1,Sensor Maceta 10cm,1,18,28,U.N.16-SM10CM-Temp.
51,1,16,rs485-ls-16,3,Sensor Maceta 30cm,1,18,28,U.N.16-SM30CM-Temp.
75,1,83,rs485-ls-83,1,Sensor Maceta 10cm,1,18,28,U.N.83-SM10CM-Temp.
75,1,83,rs485-ls-83,3,Sensor Maceta 30cm,1,18,28,U.N.83-SM30CM-Temp.
52,1,18,rs485-ls-18,1,Sensor Maceta 10cm,1,18,28,U.N.18-SM10CM-Temp.
52,1,18,rs485-ls-18,3,Sensor Maceta 30cm,1,18,28,U.N.18-SM30CM-Temp.
80,1,88,rs485-ls-88,1,Sensor Maceta 10cm,1,18,28,U.N.88-SM10CM-Temp.
80,1,88,rs485-ls-88,3,Sensor Maceta 30cm,1,18,28,U.N.88-SM30CM-Temp.
30,1,37,rs485-ls-37,1,Sensor Maceta 10cm,1,18,28,U.N.37-SM10CM-Temp.
30,1,37,rs485-ls-37,3,Sensor Maceta 30cm,1,18,28,U.N.37-SM30CM-Temp.
45,1,11,rs485-ls-11,1,Sensor Maceta 10cm,1,18,28,U.N.11-SM10CM-Temp.
45,1,11,rs485-ls-11,3,Sensor Maceta 30cm,1,18,28,U.N.11-SM30CM-Temp.
47,1,13,rs485-ls-13,1,Sensor Maceta 10cm,1,18,28,U.N.13-SM10CM-Temp.
47,1,13,rs485-ls-13,3,Sensor Maceta 30cm,1,18,28,U.N.13-SM30CM-Temp.
46,1,12,rs485-ls-12,1,Sensor Maceta 10cm,1,18,28,U.N.12-SM10CM-Temp.
46,1,12,rs485-ls-12,3,Sensor Maceta 30cm,1,18,28,U.N.12-SM30CM-Temp.
32,1,39,rs485-ls-39,1,Sensor Maceta 10cm,1,18,28,U.N.39-SM10CM-Temp.
32,1,39,rs485-ls-39,3,Sensor Maceta 30cm,1,18,28,U.N.39-SM30CM-Temp.
53,1,20,rs485-ls-20,1,Sensor Maceta 10cm,1,18,28,U.N.20-SM10CM-Temp.
53,1,20,rs485-ls-20,3,Sensor Maceta 30cm,1,18,28,U.N.20-SM30CM-Temp.
54,1,21,rs485-ls-21,1,Sensor Maceta 10cm,1,18,28,U.N.21-SM10CM-Temp.
54,1,21,rs485-ls-21,3,Sensor Maceta 30cm,1,18,28,U.N.21-SM30CM-Temp.
33,1,60,rs485-ls-60,1,Sensor Maceta 10cm,1,18,28,U.N.60-SM10CM-Temp.
33,1,60,rs485-ls-60,3,Sensor Maceta 30cm,1,18,28,U.N.60-SM30CM-Temp.
79,1,87,rs485-ls-87,1,Sensor Maceta 10cm,1,18,28,U.N.87-SM10CM-Temp.
79,1,87,rs485-ls-87,3,Sensor Maceta 30cm,1,18,28,U.N.87-SM30CM-Temp.
59,1,41,rs485-ls-41,1,Sensor Maceta 10cm,1,18,28,U.N.41-SM10CM-Temp.
59,1,41,rs485-ls-41,3,Sensor Maceta 30cm,1,18,28,U.N.41-SM30CM-Temp.
60,1,42,rs485-ls-42,1,Sensor Maceta 10cm,1,18,28,U.N.42-SM10CM-Temp.
60,1,42,rs485-ls-42,3,Sensor Maceta 30cm,1,18,28,U.N.42-SM30CM-Temp.
61,1,43,rs485-ls-43,1,Sensor Maceta 10cm,1,18,28,U.N.43-SM10CM-Temp.
61,1,43,rs485-ls-43,3,Sensor Maceta 30cm,1,18,28,U.N.43-SM30CM-Temp.
63,1,45,rs485-ls-45,1,Sensor Maceta 10cm,1,18,28,U.N.45-SM10CM-Temp.
63,1,45,rs485-ls-45,3,Sensor Maceta 30cm,1,18,28,U.N.45-SM30CM-Temp.
62,1,44,rs485-ls-44,1,Sensor Maceta 10cm,1,18,28,U.N.44-SM10CM-Temp.
62,1,44,rs485-ls-44,3,Sensor Maceta 30cm,1,18,28,U.N.44-SM30CM-Temp.
23,1,30,rs485-ls-30,1,Sensor Maceta 10cm,1,18,28,U.N.30-SM10CM-Temp.
23,1,30,rs485-ls-30,3,Sensor Maceta 30cm,1,18,28,U.N.30-SM30CM-Temp.
27,1,34,rs485-ls-34,1,Sensor Maceta 10cm,1,18,28,U.N.34-SM10CM-Temp.
27,1,34,rs485-ls-34,3,Sensor Maceta 30cm,1,18,28,U.N.34-SM30CM-Temp.
65,1,47,rs485-ls-47,1,Sensor Maceta 10cm,1,18,28,U.N.47-SM10CM-Temp.
65,1,47,rs485-ls-47,3,Sensor Maceta 30cm,1,18,28,U.N.47-SM30CM-Temp.
67,1,49,rs485-ls-49,1,Sensor Maceta 10cm,1,18,28,U.N.49-SM10CM-Temp.
67,1,49,rs485-ls-49,3,Sensor Maceta 30cm,1,18,28,U.N.49-SM30CM-Temp.
38,1,74,rs485-ls-74,1,Sensor Maceta 10cm,1,18,28,U.N.74-SM10CM-Temp.
38,1,74,rs485-ls-74,3,Sensor Maceta 30cm,1,18,28,U.N.74-SM30CM-Temp.
64,1,46,rs485-ls-46,1,Sensor Maceta 10cm,1,18,28,U.N.46-SM10CM-Temp.
64,1,46,rs485-ls-46,3,Sensor Maceta 30cm,1,18,28,U.N.46-SM30CM-Temp.
49,1,14,rs485-ls-14,1,Sensor Maceta 10cm,1,18,28,U.N.14-SM10CM-Temp.
49,1,14,rs485-ls-14,3,Sensor Maceta 30cm,1,18,28,U.N.14-SM30CM-Temp.
36,1,63,rs485-ls-63,1,Sensor Maceta 10cm,1,18,28,U.N.63-SM10CM-Temp.
36,1,63,rs485-ls-63,3,Sensor Maceta 30cm,1,18,28,U.N.63-SM30CM-Temp.
48,1,19,rs485-ls-19,1,Sensor Maceta 10cm,1,18,28,U.N.19-SM10CM-Temp.
48,1,19,rs485-ls-19,3,Sensor Maceta 30cm,1,18,28,U.N.19-SM30CM-Temp.
43,1,9,rs485-ls-9,1,Sensor Maceta 10cm,1,18,28,U.N.9-SM10CM-Temp.
43,1,9,rs485-ls-9,3,Sensor Maceta 30cm,1,18,28,U.N.9-SM30CM-Temp.
44,1,10,rs485-ls-10,1,Sensor Maceta 10cm,1,18,28,U.N.10-SM10CM-Temp.
44,1,10,rs485-ls-10,3,Sensor Maceta 30cm,1,18,28,U.N.10-SM30CM-Temp.
41,1,3,rs485-ls-3,1,Sensor Maceta 10cm,1,18,28,U.N.3-SM10CM-Temp.
41,1,3,rs485-ls-3,3,Sensor Maceta 30cm,1,18,28,U.N.3-SM30CM-Temp.
29,1,36,rs485-ls-36,1,Sensor Maceta 10cm,1,18,28,U.N.36-SM10CM-Temp.
29,1,36,rs485-ls-36,3,Sensor Maceta 30cm,1,18,28,U.N.36-SM30CM-Temp.
39,1,4,rs485-ls-4,1,Sensor Maceta 10cm,1,18,28,U.N.4-SM10CM-Temp.
39,1,4,rs485-ls-4,3,Sensor Maceta 30cm,1,18,28,U.N.4-SM30CM-Temp.
40,1,5,rs485-ls-6,1,Sensor Maceta 10cm,1,18,28,U.N.6-SM10CM-Temp.
40,1,5,rs485-ls-6,2,Sensor Maceta 20cm,1,18,28,U.N.6-SM20CM-Temp.
40,1,5,rs485-ls-6,3,Sensor Maceta 30cm,1,18,28,U.N.6-SM30CM-Temp.
42,1,8,rs485-ls-8,1,Sensor Maceta 10cm,1,18,28,U.N.8-SM10CM-Temp.
42,1,8,rs485-ls-8,3,Sensor Maceta 30cm,1,18,28,U.N.8-SM30CM-Temp.
26,1,33,rs485-ls-33,1,Sensor Maceta 10cm,1,18,28,U.N.33-SM10CM-Temp.
26,1,33,rs485-ls-33,3,Sensor Maceta 30cm,1,18,28,U.N.33-SM30CM-Temp.
66,1,48,rs485-ls-48,1,Sensor Maceta 10cm,1,18,28,U.N.48-SM10CM-Temp.
66,1,48,rs485-ls-48,3,Sensor Maceta 30cm,1,18,28,U.N.48-SM30CM-Temp.
34,1,61,rs485-ls-61,1,Sensor Maceta 10cm,1,18,28,U.N.61-SM10CM-Temp.
34,1,61,rs485-ls-61,3,Sensor Maceta 30cm,1,18,28,U.N.61-SM30CM-Temp.
37,1,64,rs485-ls-64,1,Sensor Maceta 10cm,1,18,28,U.N.64-SM10CM-Temp.
37,1,64,rs485-ls-64,3,Sensor Maceta 30cm,1,18,28,U.N.64-SM30CM-Temp.
72,1,80,rs485-ls-80,1,Sensor Maceta 10cm,1,18,28,U.N.80-SM10CM-Temp.
72,1,80,rs485-ls-80,3,Sensor Maceta 30cm,1,18,28,U.N.80-SM30CM-Temp.
163,1,192,rs485-ls-192,1,Sensor Maceta 10cm,1,18,28,U.N.192-SM10CM-Temp.
163,1,192,rs485-ls-192,3,Sensor Maceta 30cm,1,18,28,U.N.192-SM30CM-Temp.
146,1,26,rs485-ls-26,1,Sensor Maceta 10cm,1,18,28,U.N.26-SM10CM-Temp.
146,1,26,rs485-ls-26,3,Sensor Maceta 30cm,1,18,28,U.N.26-SM30CM-Temp.
148,1,75,rs485-ls-75,1,Sensor Maceta 10cm,1,18,28,U.N.75-SM10CM-Temp.
148,1,75,rs485-ls-75,3,Sensor Maceta 30cm,1,18,28,U.N.75-SM30CM-Temp.
161,1,190,rs485-ls-190,1,Sensor Maceta 10cm,1,18,28,U.N.190-SM10CM-Temp.
161,1,190,rs485-ls-190,3,Sensor Maceta 30cm,1,18,28,U.N.190-SM30CM-Temp.
149,1,76,rs485-ls-76,1,Sensor Maceta 10cm,1,18,28,U.N.76-SM10CM-Temp.
149,1,76,rs485-ls-76,3,Sensor Maceta 30cm,1,18,28,U.N.76-SM30CM-Temp.
144,1,59,rs485-ls-59,1,Sensor Maceta 10cm,1,18,28,U.N.59-SM10CM-Temp.
144,1,59,rs485-ls-59,3,Sensor Maceta 30cm,1,18,28,U.N.59-SM30CM-Temp.
145,1,25,rs485-ls-25,1,Sensor Maceta 10cm,1,18,28,U.N.25-SM10CM-Temp.
145,1,25,rs485-ls-25,3,Sensor Maceta 30cm,1,18,28,U.N.25-SM30CM-Temp.
141,1,56,rs485-ls-56,1,Sensor Maceta 10cm,1,18,28,U.N.56-SM10CM-Temp.
141,1,56,rs485-ls-56,3,Sensor Maceta 30cm,1,18,28,U.N.56-SM30CM-Temp.
147,1,28,rs485-ls-28,1,Sensor Maceta 10cm,1,18,28,U.N.28-SM10CM-Temp.
147,1,28,rs485-ls-28,3,Sensor Maceta 30cm,1,18,28,U.N.28-SM30CM-Temp.
152,1,79,rs485-ls-79,1,Sensor Maceta 10cm,1,18,28,U.N.79-SM10CM-Temp.
152,1,79,rs485-ls-79,3,Sensor Maceta 30cm,1,18,28,U.N.79-SM30CM-Temp.
164,1,193,rs485-ls-193,1,Sensor Maceta 10cm,1,18,28,U.N.193-SM10CM-Temp.
164,1,193,rs485-ls-193,3,Sensor Maceta 30cm,1,18,28,U.N.193-SM30CM-Temp.
142,1,57,rs485-ls-57,1,Sensor Maceta 10cm,1,18,28,U.N.57-SM10CM-Temp.
142,1,57,rs485-ls-57,3,Sensor Maceta 30cm,1,18,28,U.N.57-SM30CM-Temp.
151,1,78,rs485-ls-78,1,Sensor Maceta 10cm,1,18,28,U.N.78-SM10CM-Temp.
151,1,78,rs485-ls-78,3,Sensor Maceta 30cm,1,18,28,U.N.78-SM30CM-Temp.
150,1,77,rs485-ls-77,1,Sensor Maceta 10cm,1,18,28,U.N.77-SM10CM-Temp.
150,1,77,rs485-ls-77,3,Sensor Maceta 30cm,1,18,28,U.N.77-SM30CM-Temp.
143,1,27,rs485-ls-27,1,Sensor Maceta 10cm,1,18,28,U.N.27-SM10CM-Temp.
143,1,27,rs485-ls-27,3,Sensor Maceta 30cm,1,18,28,U.N.27-SM30CM-Temp.
143,1,58,rs485-ls-58,1,Sensor Maceta 10cm,1,18,28,U.N.58-SM10CM-Temp.
143,1,58,rs485-ls-58,3,Sensor Maceta 30cm,1,18,28,U.N.58-SM30CM-Temp.
162,1,191,rs485-ls-191,1,Sensor Maceta 10cm,1,18,28,U.N.191-SM10CM-Temp.
162,1,191,rs485-ls-191,3,Sensor Maceta 30cm,1,18,28,U.N.191-SM30CM-Temp.
160,1,189,rs485-ls-189,1,Sensor Maceta 10cm,1,18,28,U.N.189-SM10CM-Temp.
160,1,189,rs485-ls-189,3,Sensor Maceta 30cm,1,18,28,U.N.189-SM30CM-Temp.
20,1,94,rs485-ls-94,4,Sensor Suelo 20cm,1,13,29,U.N.94-SM20CM-Temp.
20,1,94,rs485-ls-94,5,Sensor Suelo 40cm,1,13,29,U.N.94-SM40CM-Temp.
20,1,94,rs485-ls-94,6,Sensor Suelo 60cm,1,13,29,U.N.94-SM60CM-Temp.
20,1,96,rs485-ls-96,4,Sensor Suelo 20cm,1,13,29,U.N.96-SM20CM-Temp.
20,1,96,rs485-ls-96,5,Sensor Suelo 40cm,1,13,29,U.N.96-SM40CM-Temp.
20,1,96,rs485-ls-96,6,Sensor Suelo 60cm,1,13,29,U.N.96-SM60CM-Temp.
17,1,91,rs485-ls-91,4,Sensor Suelo 20cm,1,13,29,U.N.91-SM20CM-Temp.
17,1,91,rs485-ls-91,5,Sensor Suelo 40cm,1,13,29,U.N.91-SM40CM-Temp.
17,1,91,rs485-ls-91,6,Sensor Suelo 60cm,1,13,29,U.N.91-SM60CM-Temp.
18,1,92,rs485-ls-92,4,Sensor Suelo 20cm,1,13,29,U.N.92-SM20CM-Temp.
18,1,92,rs485-ls-92,5,Sensor Suelo 40cm,1,13,29,U.N.92-SM40CM-Temp.
18,1,92,rs485-ls-92,6,Sensor Suelo 60cm,1,13,29,U.N.92-SM60CM-Temp.
19,1,93,rs485-ls-93,4,Sensor Suelo 20cm,1,13,29,U.N.93-SM20CM-Temp.
19,1,93,rs485-ls-93,5,Sensor Suelo 40cm,1,13,29,U.N.93-SM40CM-Temp.
19,1,93,rs485-ls-93,6,Sensor Suelo 60cm,1,13,29,U.N.93-SM60CM-Temp.
13,1,70,rs485-ls-70,1,Sensor Maceta 10cm,1,18,28,U.N.70-SM10CM-Temp.
13,1,70,rs485-ls-70,3,Sensor Maceta 30cm,1,18,28,U.N.70-SM30CM-Temp.
6,1,17,rs485-ls-17,1,Sensor Maceta 10cm,1,18,28,U.N.17-SM10CM-Temp.
6,1,17,rs485-ls-17,3,Sensor Maceta 30cm,1,18,28,U.N.17-SM30CM-Temp.
12,1,69,rs485-ls-69,1,Sensor Maceta 10cm,1,18,28,U.N.69-SM10CM-Temp.
12,1,69,rs485-ls-69,3,Sensor Maceta 30cm,1,18,28,U.N.69-SM30CM-Temp.
11,1,68,rs485-ls-68,1,Sensor Maceta 10cm,1,18,28,U.N.68-SM10CM-Temp.
11,1,68,rs485-ls-68,3,Sensor Maceta 30cm,1,18,28,U.N.68-SM30CM-Temp.
9,1,66,rs485-ls-66,1,Sensor Maceta 10cm,1,18,28,U.N.66-SM10CM-Temp.
9,1,66,rs485-ls-66,3,Sensor Maceta 30cm,1,18,28,U.N.66-SM30CM-Temp.
15,1,72,rs485-ls-72,1,Sensor Maceta 10cm,1,18,28,U.N.72-SM10CM-Temp.
15,1,72,rs485-ls-72,3,Sensor Maceta 30cm,1,18,28,U.N.72-SM30CM-Temp.
14,1,71,rs485-ls-71,1,Sensor Maceta 10cm,1,18,28,U.N.71-SM10CM-Temp.
14,1,71,rs485-ls-71,3,Sensor Maceta 30cm,1,18,28,U.N.71-SM30CM-Temp.
7,1,29,rs485-ls-29,1,Sensor Maceta 10cm,1,18,28,U.N.29-SM10CM-Temp.
7,1,29,rs485-ls-29,3,Sensor Maceta 30cm,1,18,28,U.N.29-SM30CM-Temp.
8,1,65,rs485-ls-65,1,Sensor Maceta 10cm,1,18,28,U.N.65-SM10CM-Temp.
8,1,65,rs485-ls-65,3,Sensor Maceta 30cm,1,18,28,U.N.65-SM30CM-Temp.
16,1,73,rs485-ls-73,1,Sensor Maceta 10cm,1,18,28,U.N.73-SM10CM-Temp.
16,1,73,rs485-ls-73,3,Sensor Maceta 30cm,1,18,28,U.N.73-SM30CM-Temp.
10,1,67,rs485-ls-67,1,Sensor Maceta 10cm,1,18,28,U.N.67-SM10CM-Temp.
10,1,67,rs485-ls-67,3,Sensor Maceta 30cm,1,18,28,U.N.67-SM30CM-Temp.
22,1,97,rs485-ls-97,4,Sensor Suelo 20cm,1,13,29,U.N.97-SM20CM-Temp.
22,1,97,rs485-ls-97,5,Sensor Suelo 40cm,1,13,29,U.N.97-SM40CM-Temp.
22,1,97,rs485-ls-97,6,Sensor Suelo 60cm,1,13,29,U.N.97-SM60CM-Temp.
21,1,95,rs485-ls-95,4,Sensor Suelo 20cm,1,13,29,U.N.95-SM20CM-Temp.
21,1,95,rs485-ls-95,5,Sensor Suelo 40cm,1,13,29,U.N.95-SM40CM-Temp.
21,1,95,rs485-ls-95,6,Sensor Suelo 60cm,1,13,29,U.N.95-SM60CM-Temp.